part_number,supplier_id,order_week,actual_lead_time_wks
PN-10001,SUP-008,7,4.8
PN-10001,SUP-008,15,4.2
PN-10001,SUP-008,21,4.9
PN-10001,SUP-008,22,4.2
PN-10001,SUP-008,24,4.4
PN-10001,SUP-008,32,4.1
PN-10001,SUP-008,33,4.6
PN-10001,SUP-008,36,5.1
PN-10001,SUP-008,37,4.8
PN-10001,SUP-008,50,4.5
PN-10001,SUP-008,53,4.7
PN-10001,SUP-008,54,4.7
PN-10001,SUP-008,58,4.7
PN-10001,SUP-008,63,4.7
PN-10001,SUP-008,70,4.2
PN-10001,SUP-008,72,4.7
PN-10001,SUP-008,75,3.9
PN-10001,SUP-008,87,4.9
PN-10002,SUP-014,6,3.5
PN-10002,SUP-014,21,5.0
PN-10002,SUP-014,34,2.8
PN-10002,SUP-014,56,3.3
PN-10002,SUP-014,69,3.5
PN-10002,SUP-014,70,3.2
PN-10002,SUP-014,77,1.4
PN-10002,SUP-014,91,3.8
PN-10003,SUP-003,1,3.9
PN-10003,SUP-003,5,5.8
PN-10003,SUP-003,12,8.1
PN-10003,SUP-003,15,5.8
PN-10003,SUP-003,20,7.5
PN-10003,SUP-003,22,6.6
PN-10003,SUP-003,23,5.8
PN-10003,SUP-003,24,5.7
PN-10003,SUP-003,26,3.2
PN-10003,SUP-003,28,5.4
PN-10003,SUP-003,29,6.1
PN-10003,SUP-003,31,6.1
PN-10003,SUP-003,36,8.9
PN-10003,SUP-003,40,6.2
PN-10003,SUP-003,43,6.6
PN-10003,SUP-003,55,7.3
PN-10003,SUP-003,61,6.5
PN-10003,SUP-003,65,5.7
PN-10003,SUP-003,70,5.7
PN-10003,SUP-003,72,5.4
PN-10003,SUP-003,76,6.4
PN-10003,SUP-003,79,5.6
PN-10003,SUP-003,81,6.6
PN-10003,SUP-003,85,4.6
PN-10004,SUP-004,11,2.5
PN-10004,SUP-004,20,2.6
PN-10004,SUP-004,31,4.2
PN-10004,SUP-004,32,3.1
PN-10004,SUP-004,35,4.4
PN-10004,SUP-004,37,2.5
PN-10004,SUP-004,38,3.6
PN-10004,SUP-004,45,3.7
PN-10004,SUP-004,48,4.1
PN-10004,SUP-004,53,2.9
PN-10004,SUP-004,54,2.2
PN-10004,SUP-004,58,3.9
PN-10004,SUP-004,62,4.1
PN-10004,SUP-004,69,4.5
PN-10004,SUP-004,71,3.4
PN-10004,SUP-004,72,4.3
PN-10004,SUP-004,73,4.1
PN-10004,SUP-004,75,4.7
PN-10004,SUP-004,76,3.7
PN-10004,SUP-004,79,2.4
PN-10004,SUP-004,84,3.7
PN-10004,SUP-004,88,3.8
PN-10005,SUP-022,6,6.3
PN-10005,SUP-022,12,5.1
PN-10005,SUP-022,14,2.7
PN-10005,SUP-022,19,5.5
PN-10005,SUP-022,38,5.4
PN-10005,SUP-022,46,8.5
PN-10005,SUP-022,49,5.1
PN-10005,SUP-022,50,7.4
PN-10005,SUP-022,51,8.7
PN-10005,SUP-022,55,5.0
PN-10005,SUP-022,59,6.0
PN-10005,SUP-022,61,9.3
PN-10005,SUP-022,62,6.6
PN-10005,SUP-022,65,6.8
PN-10005,SUP-022,66,5.4
PN-10005,SUP-022,69,7.4
PN-10005,SUP-022,73,6.1
PN-10005,SUP-022,74,2.7
PN-10005,SUP-022,84,5.5
PN-10005,SUP-022,88,3.9
PN-10006,SUP-006,5,1.5
PN-10006,SUP-006,9,1.3
PN-10006,SUP-006,11,1.9
PN-10006,SUP-006,14,2.4
PN-10006,SUP-006,19,1.9
PN-10006,SUP-006,21,1.7
PN-10006,SUP-006,24,1.5
PN-10006,SUP-006,33,2.0
PN-10006,SUP-006,34,1.2
PN-10006,SUP-006,36,1.3
PN-10006,SUP-006,37,2.3
PN-10006,SUP-006,42,1.7
PN-10006,SUP-006,50,1.7
PN-10006,SUP-006,51,1.8
PN-10006,SUP-006,55,2.2
PN-10006,SUP-006,69,1.9
PN-10006,SUP-006,75,1.5
PN-10006,SUP-006,85,1.5
PN-10006,SUP-006,88,1.7
PN-10006,SUP-006,90,2.0
PN-10007,SUP-022,19,4.8
PN-10007,SUP-022,22,4.0
PN-10007,SUP-022,32,4.3
PN-10007,SUP-022,34,4.2
PN-10007,SUP-022,49,4.3
PN-10007,SUP-022,50,3.9
PN-10007,SUP-022,51,4.5
PN-10007,SUP-022,53,4.2
PN-10007,SUP-022,62,3.9
PN-10007,SUP-022,64,4.0
PN-10007,SUP-022,84,3.9
PN-10007,SUP-022,89,3.9
PN-10008,SUP-015,1,6.2
PN-10008,SUP-015,9,7.3
PN-10008,SUP-015,12,5.7
PN-10008,SUP-015,16,7.4
PN-10008,SUP-015,21,7.3
PN-10008,SUP-015,22,5.7
PN-10008,SUP-015,24,6.8
PN-10008,SUP-015,27,7.7
PN-10008,SUP-015,29,5.9
PN-10008,SUP-015,30,6.6
PN-10008,SUP-015,31,8.1
PN-10008,SUP-015,32,5.9
PN-10008,SUP-015,33,7.3
PN-10008,SUP-015,35,5.6
PN-10008,SUP-015,36,6.6
PN-10008,SUP-015,41,7.3
PN-10008,SUP-015,47,4.2
PN-10008,SUP-015,57,6.2
PN-10008,SUP-015,61,7.3
PN-10008,SUP-015,66,7.1
PN-10008,SUP-015,67,6.2
PN-10008,SUP-015,76,5.6
PN-10008,SUP-015,79,7.5
PN-10008,SUP-015,85,6.5
PN-10009,SUP-007,22,5.0
PN-10009,SUP-007,23,5.2
PN-10009,SUP-007,25,4.7
PN-10009,SUP-007,30,3.6
PN-10009,SUP-007,37,3.9
PN-10009,SUP-007,48,2.0
PN-10009,SUP-007,50,4.1
PN-10009,SUP-007,55,4.9
PN-10009,SUP-007,56,4.0
PN-10009,SUP-007,57,3.7
PN-10009,SUP-007,61,4.0
PN-10009,SUP-007,64,5.2
PN-10009,SUP-007,66,4.2
PN-10009,SUP-007,71,5.8
PN-10009,SUP-007,78,3.7
PN-10009,SUP-007,90,4.4
PN-10010,SUP-036,6,3.8
PN-10010,SUP-036,7,4.2
PN-10010,SUP-036,10,6.3
PN-10010,SUP-036,13,5.7
PN-10010,SUP-036,14,7.0
PN-10010,SUP-036,19,4.5
PN-10010,SUP-036,20,5.7
PN-10010,SUP-036,25,5.6
PN-10010,SUP-036,32,5.5
PN-10010,SUP-036,36,5.2
PN-10010,SUP-036,42,5.3
PN-10010,SUP-036,47,5.8
PN-10010,SUP-036,49,5.9
PN-10010,SUP-036,50,5.8
PN-10010,SUP-036,54,6.7
PN-10010,SUP-036,56,4.5
PN-10010,SUP-036,57,3.9
PN-10010,SUP-036,62,6.5
PN-10010,SUP-036,67,4.7
PN-10010,SUP-036,72,5.2
PN-10010,SUP-036,73,5.0
PN-10010,SUP-036,76,5.0
PN-10010,SUP-036,80,4.2
PN-10011,SUP-038,13,6.2
PN-10011,SUP-038,19,8.0
PN-10011,SUP-038,25,5.9
PN-10011,SUP-038,30,7.4
PN-10011,SUP-038,37,8.5
PN-10011,SUP-038,46,6.8
PN-10011,SUP-038,58,6.5
PN-10011,SUP-038,59,6.6
PN-10011,SUP-038,61,8.4
PN-10011,SUP-038,68,7.1
PN-10011,SUP-038,74,8.9
PN-10011,SUP-038,86,7.0
PN-10012,SUP-010,1,1.9
PN-10012,SUP-010,3,1.4
PN-10012,SUP-010,12,1.0
PN-10012,SUP-010,15,1.8
PN-10012,SUP-010,16,2.1
PN-10012,SUP-010,18,1.4
PN-10012,SUP-010,29,2.1
PN-10012,SUP-010,32,1.0
PN-10012,SUP-010,33,1.1
PN-10012,SUP-010,34,1.5
PN-10012,SUP-010,44,1.4
PN-10012,SUP-010,49,1.3
PN-10012,SUP-010,50,1.6
PN-10012,SUP-010,55,1.3
PN-10012,SUP-010,61,1.4
PN-10012,SUP-010,66,1.6
PN-10012,SUP-010,74,1.3
PN-10012,SUP-010,77,1.5
PN-10012,SUP-010,91,1.3
PN-10013,SUP-038,3,4.1
PN-10013,SUP-038,7,6.0
PN-10013,SUP-038,11,5.6
PN-10013,SUP-038,13,5.6
PN-10013,SUP-038,14,6.7
PN-10013,SUP-038,23,4.6
PN-10013,SUP-038,24,4.3
PN-10013,SUP-038,25,4.5
PN-10013,SUP-038,29,3.2
PN-10013,SUP-038,32,3.3
PN-10013,SUP-038,35,5.6
PN-10013,SUP-038,42,3.4
PN-10013,SUP-038,48,3.8
PN-10013,SUP-038,50,4.8
PN-10013,SUP-038,51,4.5
PN-10013,SUP-038,54,5.9
PN-10013,SUP-038,56,5.0
PN-10013,SUP-038,60,4.1
PN-10013,SUP-038,64,5.9
PN-10013,SUP-038,75,5.7
PN-10013,SUP-038,77,3.4
PN-10013,SUP-038,79,5.2
PN-10013,SUP-038,85,4.2
PN-10013,SUP-038,87,4.1
PN-10013,SUP-038,91,6.9
PN-10014,SUP-001,3,1.9
PN-10014,SUP-001,16,2.7
PN-10014,SUP-001,18,2.9
PN-10014,SUP-001,26,2.1
PN-10014,SUP-001,27,2.2
PN-10014,SUP-001,31,1.9
PN-10014,SUP-001,46,3.4
PN-10014,SUP-001,48,2.2
PN-10014,SUP-001,52,2.5
PN-10014,SUP-001,53,2.5
PN-10014,SUP-001,61,3.1
PN-10014,SUP-001,67,2.0
PN-10014,SUP-001,71,3.1
PN-10014,SUP-001,75,1.8
PN-10014,SUP-001,77,3.1
PN-10014,SUP-001,85,1.6
PN-10014,SUP-001,86,2.4
PN-10015,SUP-018,9,8.7
PN-10015,SUP-018,13,7.0
PN-10015,SUP-018,17,7.1
PN-10015,SUP-018,27,8.2
PN-10015,SUP-018,33,7.8
PN-10015,SUP-018,35,7.1
PN-10015,SUP-018,37,6.2
PN-10015,SUP-018,38,10.2
PN-10015,SUP-018,39,5.2
PN-10015,SUP-018,46,8.0
PN-10015,SUP-018,50,6.4
PN-10015,SUP-018,55,7.4
PN-10015,SUP-018,62,8.8
PN-10015,SUP-018,64,6.0
PN-10015,SUP-018,66,7.7
PN-10015,SUP-018,75,7.1
PN-10015,SUP-018,91,5.4
PN-10016,SUP-005,1,3.7
PN-10016,SUP-005,3,7.1
PN-10016,SUP-005,4,4.2
PN-10016,SUP-005,6,7.3
PN-10016,SUP-005,18,5.9
PN-10016,SUP-005,20,5.6
PN-10016,SUP-005,24,7.3
PN-10016,SUP-005,25,7.5
PN-10016,SUP-005,33,8.4
PN-10016,SUP-005,36,5.4
PN-10016,SUP-005,37,6.4
PN-10016,SUP-005,39,5.4
PN-10016,SUP-005,40,6.7
PN-10016,SUP-005,46,5.1
PN-10016,SUP-005,50,5.7
PN-10016,SUP-005,53,5.7
PN-10016,SUP-005,56,6.9
PN-10016,SUP-005,59,6.4
PN-10016,SUP-005,61,7.3
PN-10016,SUP-005,69,6.3
PN-10016,SUP-005,80,5.5
PN-10017,SUP-029,1,3.6
PN-10017,SUP-029,2,4.2
PN-10017,SUP-029,4,3.8
PN-10017,SUP-029,6,2.1
PN-10017,SUP-029,7,2.7
PN-10017,SUP-029,17,3.2
PN-10017,SUP-029,18,4.6
PN-10017,SUP-029,23,2.4
PN-10017,SUP-029,25,2.9
PN-10017,SUP-029,28,3.8
PN-10017,SUP-029,37,4.1
PN-10017,SUP-029,47,4.1
PN-10017,SUP-029,49,2.8
PN-10017,SUP-029,51,2.2
PN-10017,SUP-029,52,4.2
PN-10017,SUP-029,62,5.0
PN-10017,SUP-029,66,3.4
PN-10017,SUP-029,69,2.6
PN-10017,SUP-029,70,3.3
PN-10017,SUP-029,75,4.0
PN-10017,SUP-029,76,3.5
PN-10017,SUP-029,77,5.0
PN-10017,SUP-029,86,4.5
PN-10018,SUP-006,10,10.3
PN-10018,SUP-006,12,14.1
PN-10018,SUP-006,15,11.5
PN-10018,SUP-006,16,7.8
PN-10018,SUP-006,22,2.0
PN-10018,SUP-006,24,20.3
PN-10018,SUP-006,29,11.9
PN-10018,SUP-006,33,1.4
PN-10018,SUP-006,44,12.6
PN-10018,SUP-006,45,14.0
PN-10018,SUP-006,52,9.1
PN-10018,SUP-006,57,9.2
PN-10018,SUP-006,59,11.5
PN-10018,SUP-006,61,15.7
PN-10018,SUP-006,70,11.9
PN-10018,SUP-006,71,16.6
PN-10018,SUP-006,75,15.5
PN-10018,SUP-006,78,10.8
PN-10018,SUP-006,82,6.2
PN-10018,SUP-006,89,10.8
PN-10018,SUP-006,90,13.4
PN-10018,SUP-006,91,11.8
PN-10019,SUP-014,13,6.0
PN-10019,SUP-014,18,7.2
PN-10019,SUP-014,20,5.7
PN-10019,SUP-014,21,4.6
PN-10019,SUP-014,26,3.7
PN-10019,SUP-014,30,5.8
PN-10019,SUP-014,31,5.1
PN-10019,SUP-014,32,5.2
PN-10019,SUP-014,34,5.7
PN-10019,SUP-014,35,6.1
PN-10019,SUP-014,38,5.7
PN-10019,SUP-014,42,5.1
PN-10019,SUP-014,45,4.1
PN-10019,SUP-014,50,4.4
PN-10019,SUP-014,53,6.7
PN-10019,SUP-014,55,4.7
PN-10019,SUP-014,62,3.2
PN-10019,SUP-014,65,7.1
PN-10019,SUP-014,68,3.8
PN-10019,SUP-014,70,5.4
PN-10019,SUP-014,73,6.1
PN-10019,SUP-014,76,5.3
PN-10019,SUP-014,77,1.4
PN-10019,SUP-014,78,5.9
PN-10019,SUP-014,89,7.4
PN-10020,SUP-022,1,2.3
PN-10020,SUP-022,9,4.0
PN-10020,SUP-022,15,3.4
PN-10020,SUP-022,22,3.9
PN-10020,SUP-022,29,3.6
PN-10020,SUP-022,30,4.7
PN-10020,SUP-022,48,3.1
PN-10020,SUP-022,56,3.2
PN-10020,SUP-022,62,3.7
PN-10020,SUP-022,64,3.1
PN-10020,SUP-022,87,3.7
PN-10021,SUP-034,10,4.5
PN-10021,SUP-034,13,4.1
PN-10021,SUP-034,21,3.7
PN-10021,SUP-034,32,3.9
PN-10021,SUP-034,38,3.8
PN-10021,SUP-034,39,4.3
PN-10021,SUP-034,46,4.1
PN-10021,SUP-034,54,3.5
PN-10021,SUP-034,57,3.9
PN-10021,SUP-034,62,3.1
PN-10021,SUP-034,64,3.9
PN-10021,SUP-034,67,4.0
PN-10022,SUP-033,1,3.4
PN-10022,SUP-033,3,5.8
PN-10022,SUP-033,13,3.0
PN-10022,SUP-033,15,6.8
PN-10022,SUP-033,16,5.1
PN-10022,SUP-033,25,4.7
PN-10022,SUP-033,26,2.6
PN-10022,SUP-033,31,4.8
PN-10022,SUP-033,33,4.4
PN-10022,SUP-033,41,1.3
PN-10022,SUP-033,44,2.1
PN-10022,SUP-033,50,4.1
PN-10022,SUP-033,53,3.6
PN-10022,SUP-033,54,3.1
PN-10022,SUP-033,57,4.9
PN-10022,SUP-033,59,2.7
PN-10022,SUP-033,77,3.2
PN-10022,SUP-033,83,3.0
PN-10022,SUP-033,88,4.3
PN-10022,SUP-033,90,1.8
PN-10022,SUP-033,91,3.2
PN-10023,SUP-022,3,1.8
PN-10023,SUP-022,16,1.2
PN-10023,SUP-022,27,2.1
PN-10023,SUP-022,34,1.7
PN-10023,SUP-022,40,1.8
PN-10023,SUP-022,46,1.9
PN-10023,SUP-022,52,1.5
PN-10023,SUP-022,74,1.9
PN-10024,SUP-001,3,5.9
PN-10024,SUP-001,6,4.7
PN-10024,SUP-001,9,3.1
PN-10024,SUP-001,13,3.5
PN-10024,SUP-001,21,5.9
PN-10024,SUP-001,25,2.9
PN-10024,SUP-001,27,6.8
PN-10024,SUP-001,31,6.5
PN-10024,SUP-001,32,6.8
PN-10024,SUP-001,45,4.8
PN-10024,SUP-001,48,4.0
PN-10024,SUP-001,52,4.8
PN-10024,SUP-001,53,5.4
PN-10024,SUP-001,62,3.6
PN-10024,SUP-001,63,3.1
PN-10024,SUP-001,64,4.0
PN-10024,SUP-001,65,3.5
PN-10024,SUP-001,71,5.8
PN-10024,SUP-001,72,3.7
PN-10024,SUP-001,74,4.5
PN-10024,SUP-001,75,5.5
PN-10024,SUP-001,76,5.8
PN-10024,SUP-001,81,4.6
PN-10024,SUP-001,88,4.8
PN-10025,SUP-036,2,6.4
PN-10025,SUP-036,11,6.3
PN-10025,SUP-036,16,5.8
PN-10025,SUP-036,24,6.7
PN-10025,SUP-036,66,6.2
PN-10025,SUP-036,75,5.6
PN-10025,SUP-036,89,5.8
PN-10025,SUP-036,90,5.6
PN-10026,SUP-010,7,3.8
PN-10026,SUP-010,23,5.0
PN-10026,SUP-010,24,3.7
PN-10026,SUP-010,28,4.2
PN-10026,SUP-010,29,4.8
PN-10026,SUP-010,33,5.1
PN-10026,SUP-010,35,3.6
PN-10026,SUP-010,43,4.8
PN-10026,SUP-010,52,3.5
PN-10026,SUP-010,63,2.6
PN-10026,SUP-010,65,3.7
PN-10026,SUP-010,78,4.9
PN-10026,SUP-010,84,4.2
PN-10026,SUP-010,88,3.8
PN-10026,SUP-010,90,4.3
PN-10027,SUP-033,3,10.7
PN-10027,SUP-033,9,9.5
PN-10027,SUP-033,12,11.1
PN-10027,SUP-033,13,12.4
PN-10027,SUP-033,14,9.5
PN-10027,SUP-033,18,10.8
PN-10027,SUP-033,30,11.6
PN-10027,SUP-033,34,10.3
PN-10027,SUP-033,36,12.2
PN-10027,SUP-033,42,10.1
PN-10027,SUP-033,47,10.5
PN-10027,SUP-033,48,9.5
PN-10027,SUP-033,49,10.8
PN-10027,SUP-033,55,10.6
PN-10027,SUP-033,56,11.3
PN-10027,SUP-033,60,9.9
PN-10027,SUP-033,68,9.8
PN-10027,SUP-033,69,11.1
PN-10027,SUP-033,73,12.2
PN-10027,SUP-033,74,11.3
PN-10027,SUP-033,75,12.7
PN-10027,SUP-033,77,11.2
PN-10027,SUP-033,80,11.2
PN-10027,SUP-033,85,11.4
PN-10027,SUP-033,87,12.3
PN-10028,SUP-037,6,10.1
PN-10028,SUP-037,23,6.8
PN-10028,SUP-037,27,10.7
PN-10028,SUP-037,37,11.3
PN-10028,SUP-037,38,5.8
PN-10028,SUP-037,40,7.7
PN-10028,SUP-037,47,6.2
PN-10028,SUP-037,48,11.3
PN-10028,SUP-037,66,10.3
PN-10028,SUP-037,79,9.7
PN-10028,SUP-037,83,9.5
PN-10028,SUP-037,89,10.8
PN-10029,SUP-010,2,8.3
PN-10029,SUP-010,9,4.9
PN-10029,SUP-010,28,6.5
PN-10029,SUP-010,29,6.9
PN-10029,SUP-010,30,6.3
PN-10029,SUP-010,31,4.9
PN-10029,SUP-010,33,5.2
PN-10029,SUP-010,37,6.9
PN-10029,SUP-010,40,5.4
PN-10029,SUP-010,43,3.9
PN-10029,SUP-010,45,6.8
PN-10029,SUP-010,48,5.3
PN-10029,SUP-010,50,7.0
PN-10029,SUP-010,51,6.1
PN-10029,SUP-010,57,6.0
PN-10029,SUP-010,61,6.4
PN-10029,SUP-010,62,5.0
PN-10029,SUP-010,66,5.4
PN-10029,SUP-010,69,6.0
PN-10029,SUP-010,71,5.0
PN-10029,SUP-010,73,7.1
PN-10029,SUP-010,79,6.0
PN-10029,SUP-010,86,4.6
PN-10029,SUP-010,91,5.7
PN-10030,SUP-011,6,2.4
PN-10030,SUP-011,11,2.5
PN-10030,SUP-011,25,2.1
PN-10030,SUP-011,29,3.2
PN-10030,SUP-011,36,2.9
PN-10030,SUP-011,38,2.0
PN-10030,SUP-011,54,2.7
PN-10030,SUP-011,61,1.9
PN-10030,SUP-011,63,3.3
PN-10030,SUP-011,67,3.5
PN-10030,SUP-011,75,2.7
PN-10030,SUP-011,84,2.3
PN-10030,SUP-011,88,2.4
PN-10030,SUP-011,89,2.5
PN-10031,SUP-035,8,5.0
PN-10031,SUP-035,10,4.9
PN-10031,SUP-035,12,1.6
PN-10031,SUP-035,17,6.1
PN-10031,SUP-035,18,2.0
PN-10031,SUP-035,21,4.0
PN-10031,SUP-035,26,5.1
PN-10031,SUP-035,46,4.7
PN-10031,SUP-035,55,2.4
PN-10031,SUP-035,69,2.6
PN-10031,SUP-035,77,4.6
PN-10032,SUP-020,1,2.2
PN-10032,SUP-020,3,2.4
PN-10032,SUP-020,19,3.6
PN-10032,SUP-020,26,2.2
PN-10032,SUP-020,32,3.0
PN-10032,SUP-020,36,4.2
PN-10032,SUP-020,45,3.1
PN-10032,SUP-020,49,2.0
PN-10032,SUP-020,57,4.9
PN-10032,SUP-020,61,4.5
PN-10032,SUP-020,72,3.4
PN-10032,SUP-020,77,4.1
PN-10032,SUP-020,83,2.7
PN-10032,SUP-020,88,3.6
PN-10032,SUP-020,91,2.6
PN-10033,SUP-037,21,4.2
PN-10033,SUP-037,22,3.3
PN-10033,SUP-037,24,2.9
PN-10033,SUP-037,30,4.9
PN-10033,SUP-037,39,3.8
PN-10033,SUP-037,40,4.7
PN-10033,SUP-037,50,2.6
PN-10033,SUP-037,55,5.7
PN-10033,SUP-037,56,5.0
PN-10033,SUP-037,57,3.9
PN-10033,SUP-037,58,4.5
PN-10033,SUP-037,67,4.8
PN-10033,SUP-037,69,2.6
PN-10033,SUP-037,78,5.8
PN-10033,SUP-037,79,4.5
PN-10033,SUP-037,85,3.3
PN-10034,SUP-006,6,6.1
PN-10034,SUP-006,19,4.4
PN-10034,SUP-006,26,4.5
PN-10034,SUP-006,28,6.5
PN-10034,SUP-006,35,3.9
PN-10034,SUP-006,39,3.6
PN-10034,SUP-006,73,2.6
PN-10034,SUP-006,76,2.9
PN-10034,SUP-006,83,1.1
PN-10035,SUP-004,2,5.4
PN-10035,SUP-004,5,11.4
PN-10035,SUP-004,9,13.5
PN-10035,SUP-004,10,8.7
PN-10035,SUP-004,11,11.1
PN-10035,SUP-004,23,8.7
PN-10035,SUP-004,26,12.0
PN-10035,SUP-004,35,13.1
PN-10035,SUP-004,38,9.1
PN-10035,SUP-004,44,6.9
PN-10035,SUP-004,57,5.7
PN-10035,SUP-004,91,12.6
PN-10036,SUP-011,26,4.6
PN-10036,SUP-011,31,6.3
PN-10036,SUP-011,39,6.7
PN-10036,SUP-011,49,4.7
PN-10036,SUP-011,50,4.1
PN-10036,SUP-011,55,6.1
PN-10036,SUP-011,56,3.0
PN-10036,SUP-011,79,5.1
PN-10036,SUP-011,89,4.8
PN-10037,SUP-006,2,11.0
PN-10037,SUP-006,3,9.8
PN-10037,SUP-006,6,7.9
PN-10037,SUP-006,7,5.2
PN-10037,SUP-006,12,8.1
PN-10037,SUP-006,15,10.6
PN-10037,SUP-006,16,6.7
PN-10037,SUP-006,19,8.1
PN-10037,SUP-006,22,8.3
PN-10037,SUP-006,24,9.6
PN-10037,SUP-006,29,7.3
PN-10037,SUP-006,30,6.5
PN-10037,SUP-006,34,9.0
PN-10037,SUP-006,38,6.7
PN-10037,SUP-006,41,4.9
PN-10037,SUP-006,42,11.1
PN-10037,SUP-006,43,9.6
PN-10037,SUP-006,53,11.2
PN-10037,SUP-006,69,9.5
PN-10037,SUP-006,74,9.2
PN-10037,SUP-006,76,8.6
PN-10037,SUP-006,82,7.7
PN-10037,SUP-006,88,8.9
PN-10038,SUP-038,20,10.2
PN-10038,SUP-038,27,11.1
PN-10038,SUP-038,45,10.1
PN-10038,SUP-038,53,8.2
PN-10038,SUP-038,54,11.6
PN-10038,SUP-038,56,10.6
PN-10038,SUP-038,60,9.3
PN-10038,SUP-038,70,9.3
PN-10039,SUP-022,6,10.6
PN-10039,SUP-022,18,7.1
PN-10039,SUP-022,28,7.8
PN-10039,SUP-022,37,8.4
PN-10039,SUP-022,41,7.1
PN-10039,SUP-022,45,9.9
PN-10039,SUP-022,47,7.2
PN-10039,SUP-022,49,6.1
PN-10039,SUP-022,51,7.2
PN-10039,SUP-022,52,8.6
PN-10039,SUP-022,56,6.9
PN-10039,SUP-022,67,8.2
PN-10039,SUP-022,78,8.5
PN-10039,SUP-022,79,6.4
PN-10039,SUP-022,84,7.1
PN-10040,SUP-013,5,2.8
PN-10040,SUP-013,13,3.0
PN-10040,SUP-013,14,2.5
PN-10040,SUP-013,17,4.1
PN-10040,SUP-013,19,4.4
PN-10040,SUP-013,20,2.1
PN-10040,SUP-013,22,3.5
PN-10040,SUP-013,26,3.5
PN-10040,SUP-013,30,3.4
PN-10040,SUP-013,35,2.9
PN-10040,SUP-013,39,3.9
PN-10040,SUP-013,44,3.6
PN-10040,SUP-013,46,3.9
PN-10040,SUP-013,54,2.9
PN-10040,SUP-013,60,2.5
PN-10040,SUP-013,63,3.6
PN-10040,SUP-013,68,2.7
PN-10040,SUP-013,69,4.0
PN-10040,SUP-013,80,2.0
PN-10040,SUP-013,83,3.0
PN-10040,SUP-013,84,2.9
PN-10040,SUP-013,86,3.1
PN-10040,SUP-013,89,3.5
PN-10041,SUP-001,11,5.3
PN-10041,SUP-001,21,5.3
PN-10041,SUP-001,23,5.7
PN-10041,SUP-001,25,4.4
PN-10041,SUP-001,26,5.4
PN-10041,SUP-001,36,6.3
PN-10041,SUP-001,43,5.7
PN-10041,SUP-001,47,6.4
PN-10041,SUP-001,48,6.6
PN-10041,SUP-001,54,6.0
PN-10041,SUP-001,61,4.7
PN-10041,SUP-001,62,5.1
PN-10041,SUP-001,66,7.3
PN-10041,SUP-001,67,5.7
PN-10041,SUP-001,73,5.6
PN-10042,SUP-029,1,5.0
PN-10042,SUP-029,13,4.8
PN-10042,SUP-029,18,5.0
PN-10042,SUP-029,30,4.6
PN-10042,SUP-029,37,5.0
PN-10042,SUP-029,43,3.8
PN-10042,SUP-029,47,4.6
PN-10042,SUP-029,50,4.9
PN-10042,SUP-029,58,4.7
PN-10042,SUP-029,64,5.1
PN-10042,SUP-029,65,4.5
PN-10042,SUP-029,73,4.3
PN-10042,SUP-029,83,3.7
PN-10042,SUP-029,84,4.4
PN-10043,SUP-013,4,4.6
PN-10043,SUP-013,5,4.4
PN-10043,SUP-013,8,5.0
PN-10043,SUP-013,14,4.6
PN-10043,SUP-013,16,4.8
PN-10043,SUP-013,18,5.2
PN-10043,SUP-013,22,4.9
PN-10043,SUP-013,26,4.5
PN-10043,SUP-013,33,3.0
PN-10043,SUP-013,34,4.8
PN-10043,SUP-013,36,3.8
PN-10043,SUP-013,37,4.4
PN-10043,SUP-013,38,4.7
PN-10043,SUP-013,43,5.4
PN-10043,SUP-013,44,5.8
PN-10043,SUP-013,48,3.8
PN-10043,SUP-013,49,3.5
PN-10043,SUP-013,54,4.7
PN-10043,SUP-013,55,4.7
PN-10043,SUP-013,56,3.6
PN-10043,SUP-013,71,4.5
PN-10043,SUP-013,74,4.9
PN-10043,SUP-013,84,3.6
PN-10043,SUP-013,91,3.8
PN-10044,SUP-018,6,5.2
PN-10044,SUP-018,17,4.7
PN-10044,SUP-018,18,3.1
PN-10044,SUP-018,21,3.5
PN-10044,SUP-018,26,5.3
PN-10044,SUP-018,30,1.1
PN-10044,SUP-018,33,4.1
PN-10044,SUP-018,37,4.9
PN-10044,SUP-018,40,3.4
PN-10044,SUP-018,41,4.4
PN-10044,SUP-018,45,3.7
PN-10044,SUP-018,52,2.6
PN-10044,SUP-018,54,2.5
PN-10044,SUP-018,58,4.4
PN-10044,SUP-018,62,2.8
PN-10044,SUP-018,64,1.7
PN-10044,SUP-018,67,3.7
PN-10044,SUP-018,76,2.9
PN-10044,SUP-018,77,2.1
PN-10044,SUP-018,82,3.6
PN-10045,SUP-025,21,9.0
PN-10045,SUP-025,23,7.9
PN-10045,SUP-025,27,4.4
PN-10045,SUP-025,31,6.0
PN-10045,SUP-025,48,6.8
PN-10045,SUP-025,49,3.3
PN-10045,SUP-025,67,3.4
PN-10045,SUP-025,74,6.2
PN-10045,SUP-025,81,6.3
PN-10045,SUP-025,86,3.1
PN-10045,SUP-025,88,6.6
PN-10045,SUP-025,90,7.7
PN-10046,SUP-004,3,4.2
PN-10046,SUP-004,4,2.4
PN-10046,SUP-004,22,3.3
PN-10046,SUP-004,36,4.7
PN-10046,SUP-004,44,2.9
PN-10046,SUP-004,45,4.4
PN-10046,SUP-004,55,5.0
PN-10046,SUP-004,59,4.8
PN-10046,SUP-004,83,3.8
PN-10047,SUP-040,3,3.3
PN-10047,SUP-040,10,2.5
PN-10047,SUP-040,16,2.9
PN-10047,SUP-040,29,3.4
PN-10047,SUP-040,34,2.7
PN-10047,SUP-040,42,3.4
PN-10047,SUP-040,50,2.7
PN-10047,SUP-040,66,2.8
PN-10047,SUP-040,69,3.0
PN-10047,SUP-040,86,3.6
PN-10047,SUP-040,91,2.9
PN-10048,SUP-033,3,7.0
PN-10048,SUP-033,10,5.1
PN-10048,SUP-033,12,6.0
PN-10048,SUP-033,13,3.5
PN-10048,SUP-033,24,6.6
PN-10048,SUP-033,26,11.3
PN-10048,SUP-033,33,7.8
PN-10048,SUP-033,34,9.1
PN-10048,SUP-033,39,4.9
PN-10048,SUP-033,44,6.5
PN-10048,SUP-033,46,7.5
PN-10048,SUP-033,50,5.3
PN-10048,SUP-033,65,7.9
PN-10048,SUP-033,69,8.4
PN-10048,SUP-033,75,8.3
PN-10048,SUP-033,78,6.6
PN-10048,SUP-033,83,9.5
PN-10048,SUP-033,86,6.4
PN-10049,SUP-022,5,2.6
PN-10049,SUP-022,11,2.5
PN-10049,SUP-022,14,2.8
PN-10049,SUP-022,15,2.8
PN-10049,SUP-022,17,2.9
PN-10049,SUP-022,20,2.8
PN-10049,SUP-022,22,3.2
PN-10049,SUP-022,23,2.9
PN-10049,SUP-022,24,2.5
PN-10049,SUP-022,28,2.7
PN-10049,SUP-022,50,3.0
PN-10049,SUP-022,54,2.3
PN-10049,SUP-022,56,3.2
PN-10049,SUP-022,61,2.4
PN-10049,SUP-022,66,2.9
PN-10049,SUP-022,68,2.6
PN-10049,SUP-022,69,2.6
PN-10049,SUP-022,71,2.2
PN-10049,SUP-022,72,2.9
PN-10049,SUP-022,75,2.2
PN-10049,SUP-022,76,2.2
PN-10049,SUP-022,79,3.0
PN-10049,SUP-022,80,3.1
PN-10049,SUP-022,84,2.4
PN-10049,SUP-022,91,2.9
PN-10050,SUP-030,2,8.1
PN-10050,SUP-030,9,6.2
PN-10050,SUP-030,20,7.6
PN-10050,SUP-030,22,6.8
PN-10050,SUP-030,23,7.8
PN-10050,SUP-030,25,6.7
PN-10050,SUP-030,38,6.5
PN-10050,SUP-030,46,5.4
PN-10050,SUP-030,59,7.8
PN-10050,SUP-030,61,5.3
PN-10050,SUP-030,64,7.3
PN-10050,SUP-030,74,8.4
PN-10051,SUP-009,4,4.3
PN-10051,SUP-009,6,6.0
PN-10051,SUP-009,20,4.5
PN-10051,SUP-009,30,4.8
PN-10051,SUP-009,38,3.6
PN-10051,SUP-009,56,4.5
PN-10051,SUP-009,63,4.0
PN-10051,SUP-009,90,4.3
PN-10052,SUP-036,20,7.8
PN-10052,SUP-036,27,9.6
PN-10052,SUP-036,29,6.4
PN-10052,SUP-036,37,4.7
PN-10052,SUP-036,41,11.4
PN-10052,SUP-036,49,8.8
PN-10052,SUP-036,75,7.9
PN-10052,SUP-036,85,10.7
PN-10052,SUP-036,87,9.0
PN-10052,SUP-036,89,7.0
PN-10053,SUP-017,5,3.6
PN-10053,SUP-017,8,3.4
PN-10053,SUP-017,13,3.6
PN-10053,SUP-017,16,2.7
PN-10053,SUP-017,20,1.9
PN-10053,SUP-017,48,4.0
PN-10053,SUP-017,67,2.9
PN-10053,SUP-017,76,2.9
PN-10053,SUP-017,83,3.5
PN-10053,SUP-017,86,3.6
PN-10053,SUP-017,90,3.6
PN-10054,SUP-024,19,2.4
PN-10054,SUP-024,20,2.3
PN-10054,SUP-024,21,2.9
PN-10054,SUP-024,27,2.6
PN-10054,SUP-024,29,3.1
PN-10054,SUP-024,32,2.3
PN-10054,SUP-024,33,2.2
PN-10054,SUP-024,38,2.7
PN-10054,SUP-024,46,3.0
PN-10054,SUP-024,47,2.9
PN-10054,SUP-024,51,2.6
PN-10054,SUP-024,52,2.6
PN-10054,SUP-024,58,2.4
PN-10054,SUP-024,60,2.7
PN-10054,SUP-024,64,3.5
PN-10054,SUP-024,73,2.3
PN-10054,SUP-024,87,2.3
PN-10054,SUP-024,88,2.2
PN-10055,SUP-032,29,2.7
PN-10055,SUP-032,35,2.5
PN-10055,SUP-032,52,2.9
PN-10055,SUP-032,54,2.7
PN-10055,SUP-032,56,3.4
PN-10055,SUP-032,73,2.3
PN-10055,SUP-032,75,2.7
PN-10055,SUP-032,84,2.9
PN-10055,SUP-032,87,3.0
PN-10055,SUP-032,89,2.9
PN-10056,SUP-025,1,2.8
PN-10056,SUP-025,6,3.9
PN-10056,SUP-025,8,3.5
PN-10056,SUP-025,14,1.6
PN-10056,SUP-025,17,3.3
PN-10056,SUP-025,41,4.2
PN-10056,SUP-025,43,3.8
PN-10056,SUP-025,49,3.2
PN-10056,SUP-025,62,3.9
PN-10056,SUP-025,69,4.0
PN-10056,SUP-025,70,4.5
PN-10056,SUP-025,79,3.3
PN-10056,SUP-025,88,4.7
PN-10057,SUP-024,3,3.7
PN-10057,SUP-024,4,4.8
PN-10057,SUP-024,5,2.7
PN-10057,SUP-024,7,5.5
PN-10057,SUP-024,11,4.7
PN-10057,SUP-024,23,5.8
PN-10057,SUP-024,24,4.1
PN-10057,SUP-024,27,3.6
PN-10057,SUP-024,32,4.8
PN-10057,SUP-024,33,5.1
PN-10057,SUP-024,36,3.4
PN-10057,SUP-024,41,2.2
PN-10057,SUP-024,45,2.4
PN-10057,SUP-024,48,4.4
PN-10057,SUP-024,50,5.6
PN-10057,SUP-024,52,2.9
PN-10057,SUP-024,56,3.9
PN-10057,SUP-024,58,3.8
PN-10057,SUP-024,68,6.0
PN-10057,SUP-024,78,6.3
PN-10057,SUP-024,81,4.5
PN-10057,SUP-024,85,5.0
PN-10057,SUP-024,89,5.0
PN-10058,SUP-029,5,5.2
PN-10058,SUP-029,13,4.1
PN-10058,SUP-029,17,5.3
PN-10058,SUP-029,20,4.0
PN-10058,SUP-029,37,4.6
PN-10058,SUP-029,43,4.6
PN-10058,SUP-029,44,3.5
PN-10058,SUP-029,45,3.6
PN-10058,SUP-029,52,6.6
PN-10058,SUP-029,57,3.5
PN-10058,SUP-029,64,4.7
PN-10058,SUP-029,65,4.9
PN-10058,SUP-029,75,4.3
PN-10058,SUP-029,77,5.0
PN-10058,SUP-029,87,4.7
PN-10059,SUP-035,3,5.7
PN-10059,SUP-035,7,5.6
PN-10059,SUP-035,12,13.6
PN-10059,SUP-035,18,7.9
PN-10059,SUP-035,20,6.6
PN-10059,SUP-035,31,6.2
PN-10059,SUP-035,51,8.8
PN-10059,SUP-035,57,6.1
PN-10059,SUP-035,61,5.0
PN-10059,SUP-035,62,7.6
PN-10060,SUP-021,6,12.1
PN-10060,SUP-021,14,10.2
PN-10060,SUP-021,18,12.7
PN-10060,SUP-021,20,12.2
PN-10060,SUP-021,21,6.9
PN-10060,SUP-021,24,10.7
PN-10060,SUP-021,28,13.1
PN-10060,SUP-021,44,11.7
PN-10060,SUP-021,50,12.1
PN-10060,SUP-021,58,9.3
PN-10060,SUP-021,64,11.6
PN-10060,SUP-021,68,10.8
PN-10060,SUP-021,82,10.5
PN-10060,SUP-021,90,9.4
PN-10061,SUP-030,5,2.8
PN-10061,SUP-030,7,2.8
PN-10061,SUP-030,11,3.5
PN-10061,SUP-030,12,3.1
PN-10061,SUP-030,24,2.8
PN-10061,SUP-030,26,3.2
PN-10061,SUP-030,30,2.9
PN-10061,SUP-030,31,3.0
PN-10061,SUP-030,44,2.9
PN-10061,SUP-030,46,3.1
PN-10061,SUP-030,48,2.6
PN-10061,SUP-030,52,2.3
PN-10061,SUP-030,54,3.3
PN-10061,SUP-030,57,3.6
PN-10061,SUP-030,59,2.3
PN-10061,SUP-030,61,2.9
PN-10061,SUP-030,76,2.6
PN-10061,SUP-030,77,3.3
PN-10061,SUP-030,79,3.0
PN-10061,SUP-030,80,4.4
PN-10061,SUP-030,81,2.7
PN-10061,SUP-030,82,3.6
PN-10061,SUP-030,87,3.6
PN-10062,SUP-013,1,7.3
PN-10062,SUP-013,2,10.3
PN-10062,SUP-013,5,10.0
PN-10062,SUP-013,21,10.4
PN-10062,SUP-013,43,10.4
PN-10062,SUP-013,45,10.1
PN-10062,SUP-013,53,9.6
PN-10062,SUP-013,55,10.1
PN-10062,SUP-013,63,12.8
PN-10062,SUP-013,64,9.2
PN-10062,SUP-013,65,14.5
PN-10062,SUP-013,73,9.1
PN-10062,SUP-013,87,10.7
PN-10063,SUP-017,6,5.3
PN-10063,SUP-017,16,7.2
PN-10063,SUP-017,23,5.8
PN-10063,SUP-017,24,3.6
PN-10063,SUP-017,25,3.2
PN-10063,SUP-017,30,8.1
PN-10063,SUP-017,36,3.1
PN-10063,SUP-017,37,3.9
PN-10063,SUP-017,43,5.5
PN-10063,SUP-017,46,4.5
PN-10063,SUP-017,53,5.9
PN-10063,SUP-017,54,2.4
PN-10063,SUP-017,58,4.5
PN-10063,SUP-017,70,6.0
PN-10063,SUP-017,73,6.0
PN-10063,SUP-017,81,3.9
PN-10063,SUP-017,82,3.1
PN-10063,SUP-017,86,5.2
PN-10063,SUP-017,89,2.6
PN-10064,SUP-013,3,5.5
PN-10064,SUP-013,4,5.2
PN-10064,SUP-013,6,5.3
PN-10064,SUP-013,7,6.3
PN-10064,SUP-013,8,5.0
PN-10064,SUP-013,12,5.2
PN-10064,SUP-013,14,6.9
PN-10064,SUP-013,15,6.0
PN-10064,SUP-013,16,5.2
PN-10064,SUP-013,17,5.1
PN-10064,SUP-013,35,4.8
PN-10064,SUP-013,40,5.6
PN-10064,SUP-013,44,5.9
PN-10064,SUP-013,48,6.3
PN-10064,SUP-013,49,4.7
PN-10064,SUP-013,63,5.0
PN-10064,SUP-013,68,5.5
PN-10064,SUP-013,72,6.8
PN-10064,SUP-013,74,6.0
PN-10064,SUP-013,76,5.7
PN-10064,SUP-013,78,5.0
PN-10064,SUP-013,83,4.6
PN-10064,SUP-013,84,5.6
PN-10065,SUP-009,11,4.3
PN-10065,SUP-009,12,7.8
PN-10065,SUP-009,15,4.5
PN-10065,SUP-009,17,4.8
PN-10065,SUP-009,29,4.0
PN-10065,SUP-009,34,4.7
PN-10065,SUP-009,37,6.0
PN-10065,SUP-009,40,4.1
PN-10065,SUP-009,44,1.2
PN-10065,SUP-009,59,5.3
PN-10065,SUP-009,60,2.8
PN-10065,SUP-009,65,5.7
PN-10065,SUP-009,67,4.5
PN-10065,SUP-009,68,6.0
PN-10065,SUP-009,70,3.0
PN-10065,SUP-009,76,3.7
PN-10065,SUP-009,78,4.0
PN-10065,SUP-009,79,2.2
PN-10065,SUP-009,83,6.2
PN-10066,SUP-034,4,3.1
PN-10066,SUP-034,7,2.9
PN-10066,SUP-034,12,2.7
PN-10066,SUP-034,13,2.6
PN-10066,SUP-034,24,3.4
PN-10066,SUP-034,34,3.0
PN-10066,SUP-034,36,3.5
PN-10066,SUP-034,40,3.0
PN-10066,SUP-034,44,3.3
PN-10066,SUP-034,51,3.1
PN-10066,SUP-034,52,3.2
PN-10066,SUP-034,54,3.2
PN-10066,SUP-034,65,3.0
PN-10066,SUP-034,66,2.8
PN-10066,SUP-034,79,3.4
PN-10066,SUP-034,80,3.7
PN-10066,SUP-034,82,3.7
PN-10067,SUP-026,11,1.2
PN-10067,SUP-026,16,3.7
PN-10067,SUP-026,23,2.3
PN-10067,SUP-026,26,3.0
PN-10067,SUP-026,28,1.1
PN-10067,SUP-026,34,1.8
PN-10067,SUP-026,42,1.0
PN-10067,SUP-026,45,3.4
PN-10067,SUP-026,47,2.4
PN-10067,SUP-026,51,3.0
PN-10067,SUP-026,52,2.6
PN-10067,SUP-026,59,2.9
PN-10067,SUP-026,61,2.3
PN-10067,SUP-026,62,2.4
PN-10067,SUP-026,74,2.5
PN-10067,SUP-026,80,2.9
PN-10067,SUP-026,83,2.9
PN-10067,SUP-026,84,4.9
PN-10067,SUP-026,87,3.9
PN-10067,SUP-026,88,1.1
PN-10068,SUP-010,5,5.3
PN-10068,SUP-010,6,5.5
PN-10068,SUP-010,7,5.4
PN-10068,SUP-010,9,6.2
PN-10068,SUP-010,11,6.2
PN-10068,SUP-010,12,5.1
PN-10068,SUP-010,14,4.5
PN-10068,SUP-010,18,5.1
PN-10068,SUP-010,19,5.0
PN-10068,SUP-010,27,5.9
PN-10068,SUP-010,30,6.0
PN-10068,SUP-010,35,4.9
PN-10068,SUP-010,40,5.0
PN-10068,SUP-010,44,4.6
PN-10068,SUP-010,45,5.5
PN-10068,SUP-010,48,5.4
PN-10068,SUP-010,49,5.9
PN-10068,SUP-010,50,5.7
PN-10068,SUP-010,52,5.8
PN-10068,SUP-010,53,4.6
PN-10068,SUP-010,56,5.1
PN-10068,SUP-010,66,6.0
PN-10068,SUP-010,75,5.2
PN-10068,SUP-010,87,4.6
PN-10069,SUP-029,4,11.1
PN-10069,SUP-029,12,9.6
PN-10069,SUP-029,14,10.6
PN-10069,SUP-029,24,11.7
PN-10069,SUP-029,31,10.3
PN-10069,SUP-029,36,5.5
PN-10069,SUP-029,40,4.8
PN-10069,SUP-029,61,14.4
PN-10069,SUP-029,63,2.5
PN-10069,SUP-029,64,10.6
PN-10069,SUP-029,66,9.3
PN-10069,SUP-029,69,10.5
PN-10069,SUP-029,73,6.7
PN-10069,SUP-029,76,11.0
PN-10069,SUP-029,78,10.6
PN-10069,SUP-029,82,17.9
PN-10069,SUP-029,84,10.4
PN-10069,SUP-029,85,13.9
PN-10069,SUP-029,91,5.7
PN-10070,SUP-015,4,6.1
PN-10070,SUP-015,25,3.0
PN-10070,SUP-015,38,6.2
PN-10070,SUP-015,41,3.7
PN-10070,SUP-015,68,6.1
PN-10070,SUP-015,69,4.2
PN-10070,SUP-015,71,5.0
PN-10070,SUP-015,76,4.6
PN-10070,SUP-015,84,7.8
PN-10071,SUP-034,1,8.1
PN-10071,SUP-034,12,8.5
PN-10071,SUP-034,13,9.0
PN-10071,SUP-034,17,8.9
PN-10071,SUP-034,19,7.2
PN-10071,SUP-034,20,7.7
PN-10071,SUP-034,32,9.6
PN-10071,SUP-034,34,7.5
PN-10071,SUP-034,35,7.7
PN-10071,SUP-034,38,6.1
PN-10071,SUP-034,53,8.2
PN-10071,SUP-034,68,8.7
PN-10071,SUP-034,74,5.4
PN-10071,SUP-034,75,6.7
PN-10071,SUP-034,77,6.2
PN-10071,SUP-034,89,9.4
PN-10071,SUP-034,90,5.5
PN-10072,SUP-022,3,5.7
PN-10072,SUP-022,6,5.8
PN-10072,SUP-022,11,6.7
PN-10072,SUP-022,15,6.4
PN-10072,SUP-022,16,5.8
PN-10072,SUP-022,25,5.7
PN-10072,SUP-022,31,5.8
PN-10072,SUP-022,48,6.0
PN-10072,SUP-022,57,6.6
PN-10072,SUP-022,67,5.3
PN-10072,SUP-022,72,7.3
PN-10072,SUP-022,75,6.6
PN-10072,SUP-022,77,4.0
PN-10072,SUP-022,82,6.2
PN-10072,SUP-022,86,7.0
PN-10072,SUP-022,91,6.5
PN-10073,SUP-023,19,4.7
PN-10073,SUP-023,30,5.6
PN-10073,SUP-023,39,3.5
PN-10073,SUP-023,44,3.0
PN-10073,SUP-023,66,3.6
PN-10073,SUP-023,70,4.5
PN-10073,SUP-023,71,4.6
PN-10073,SUP-023,79,5.2
PN-10074,SUP-001,1,8.8
PN-10074,SUP-001,3,13.0
PN-10074,SUP-001,12,12.4
PN-10074,SUP-001,19,7.4
PN-10074,SUP-001,23,12.5
PN-10074,SUP-001,28,12.8
PN-10074,SUP-001,51,8.6
PN-10074,SUP-001,60,9.0
PN-10074,SUP-001,73,8.8
PN-10074,SUP-001,77,7.5
PN-10074,SUP-001,87,7.7
PN-10075,SUP-003,3,11.0
PN-10075,SUP-003,9,13.0
PN-10075,SUP-003,13,16.5
PN-10075,SUP-003,15,12.0
PN-10075,SUP-003,16,17.6
PN-10075,SUP-003,20,9.4
PN-10075,SUP-003,22,9.9
PN-10075,SUP-003,27,10.7
PN-10075,SUP-003,31,9.0
PN-10075,SUP-003,53,15.8
PN-10075,SUP-003,73,2.3
PN-10075,SUP-003,74,10.1
PN-10075,SUP-003,78,15.7
PN-10075,SUP-003,82,10.7
PN-10075,SUP-003,87,15.5
PN-10076,SUP-005,17,9.9
PN-10076,SUP-005,21,5.7
PN-10076,SUP-005,30,8.8
PN-10076,SUP-005,32,6.8
PN-10076,SUP-005,48,10.2
PN-10076,SUP-005,51,4.5
PN-10076,SUP-005,58,4.4
PN-10076,SUP-005,59,8.1
PN-10076,SUP-005,60,3.9
PN-10076,SUP-005,75,6.5
PN-10077,SUP-021,7,4.2
PN-10077,SUP-021,11,5.0
PN-10077,SUP-021,16,3.9
PN-10077,SUP-021,17,4.8
PN-10077,SUP-021,20,3.9
PN-10077,SUP-021,24,5.1
PN-10077,SUP-021,25,4.5
PN-10077,SUP-021,27,4.5
PN-10077,SUP-021,29,5.3
PN-10077,SUP-021,30,4.6
PN-10077,SUP-021,34,4.8
PN-10077,SUP-021,38,4.6
PN-10077,SUP-021,47,5.0
PN-10077,SUP-021,64,5.3
PN-10077,SUP-021,65,5.2
PN-10077,SUP-021,69,4.5
PN-10077,SUP-021,71,5.4
PN-10077,SUP-021,77,4.2
PN-10077,SUP-021,78,4.3
PN-10077,SUP-021,87,4.7
PN-10077,SUP-021,88,5.3
PN-10078,SUP-032,1,5.6
PN-10078,SUP-032,2,5.9
PN-10078,SUP-032,5,5.4
PN-10078,SUP-032,7,2.9
PN-10078,SUP-032,8,6.3
PN-10078,SUP-032,15,4.1
PN-10078,SUP-032,18,5.2
PN-10078,SUP-032,27,5.1
PN-10078,SUP-032,35,5.0
PN-10078,SUP-032,50,3.9
PN-10078,SUP-032,68,3.1
PN-10078,SUP-032,76,4.0
PN-10078,SUP-032,81,5.7
PN-10078,SUP-032,86,3.6
PN-10078,SUP-032,88,4.1
PN-10078,SUP-032,89,5.3
PN-10078,SUP-032,91,4.0
PN-10079,SUP-003,3,3.6
PN-10079,SUP-003,7,4.5
PN-10079,SUP-003,14,4.6
PN-10079,SUP-003,17,5.3
PN-10079,SUP-003,20,3.6
PN-10079,SUP-003,24,7.7
PN-10079,SUP-003,30,4.6
PN-10079,SUP-003,36,4.8
PN-10079,SUP-003,42,3.8
PN-10079,SUP-003,48,3.3
PN-10079,SUP-003,51,4.6
PN-10079,SUP-003,53,4.8
PN-10079,SUP-003,56,4.6
PN-10079,SUP-003,57,7.2
PN-10079,SUP-003,69,4.6
PN-10079,SUP-003,72,4.6
PN-10079,SUP-003,78,5.9
PN-10079,SUP-003,83,4.5
PN-10079,SUP-003,84,5.5
PN-10080,SUP-015,1,9.3
PN-10080,SUP-015,2,6.8
PN-10080,SUP-015,9,3.6
PN-10080,SUP-015,14,7.0
PN-10080,SUP-015,15,4.6
PN-10080,SUP-015,21,5.8
PN-10080,SUP-015,28,4.9
PN-10080,SUP-015,30,9.3
PN-10080,SUP-015,34,3.9
PN-10080,SUP-015,48,6.4
PN-10080,SUP-015,54,4.7
PN-10080,SUP-015,55,7.1
PN-10080,SUP-015,58,6.3
PN-10080,SUP-015,64,8.0
PN-10080,SUP-015,68,7.1
PN-10080,SUP-015,70,4.7
PN-10080,SUP-015,71,10.8
PN-10080,SUP-015,74,6.8
PN-10080,SUP-015,87,4.9
PN-10080,SUP-015,89,6.2
PN-10081,SUP-018,1,2.7
PN-10081,SUP-018,3,2.6
PN-10081,SUP-018,7,3.0
PN-10081,SUP-018,19,1.5
PN-10081,SUP-018,22,2.7
PN-10081,SUP-018,39,2.8
PN-10081,SUP-018,42,2.8
PN-10081,SUP-018,44,1.8
PN-10081,SUP-018,53,3.0
PN-10081,SUP-018,57,3.4
PN-10081,SUP-018,58,3.0
PN-10081,SUP-018,60,2.5
PN-10081,SUP-018,74,4.5
PN-10081,SUP-018,76,2.1
PN-10081,SUP-018,82,3.2
PN-10081,SUP-018,88,2.9
PN-10081,SUP-018,89,4.0
PN-10081,SUP-018,91,3.0
PN-10082,SUP-001,13,6.6
PN-10082,SUP-001,15,4.8
PN-10082,SUP-001,16,6.7
PN-10082,SUP-001,23,4.8
PN-10082,SUP-001,29,5.7
PN-10082,SUP-001,32,5.4
PN-10082,SUP-001,35,5.6
PN-10082,SUP-001,36,7.7
PN-10082,SUP-001,51,2.4
PN-10082,SUP-001,56,4.9
PN-10082,SUP-001,62,5.3
PN-10082,SUP-001,78,5.1
PN-10082,SUP-001,81,4.4
PN-10082,SUP-001,91,4.1
PN-10083,SUP-018,4,7.0
PN-10083,SUP-018,10,8.3
PN-10083,SUP-018,16,4.4
PN-10083,SUP-018,20,6.8
PN-10083,SUP-018,25,5.4
PN-10083,SUP-018,32,6.9
PN-10083,SUP-018,33,7.0
PN-10083,SUP-018,36,6.2
PN-10083,SUP-018,43,7.1
PN-10083,SUP-018,44,7.6
PN-10083,SUP-018,47,6.2
PN-10083,SUP-018,48,5.0
PN-10083,SUP-018,53,7.9
PN-10083,SUP-018,54,7.3
PN-10083,SUP-018,55,7.0
PN-10083,SUP-018,56,5.7
PN-10083,SUP-018,64,7.4
PN-10083,SUP-018,68,8.5
PN-10083,SUP-018,84,6.3
PN-10083,SUP-018,85,6.5
PN-10083,SUP-018,91,5.3
PN-10084,SUP-016,14,3.7
PN-10084,SUP-016,17,3.6
PN-10084,SUP-016,25,4.6
PN-10084,SUP-016,27,5.0
PN-10084,SUP-016,29,4.6
PN-10084,SUP-016,33,5.7
PN-10084,SUP-016,34,3.9
PN-10084,SUP-016,40,4.6
PN-10084,SUP-016,43,3.1
PN-10084,SUP-016,45,4.6
PN-10084,SUP-016,46,5.5
PN-10084,SUP-016,49,3.6
PN-10084,SUP-016,54,5.1
PN-10084,SUP-016,57,5.5
PN-10084,SUP-016,59,3.9
PN-10084,SUP-016,62,4.8
PN-10084,SUP-016,67,5.6
PN-10084,SUP-016,77,4.6
PN-10084,SUP-016,78,5.0
PN-10084,SUP-016,83,3.1
PN-10084,SUP-016,86,4.9
PN-10084,SUP-016,89,4.8
PN-10084,SUP-016,90,3.4
PN-10084,SUP-016,91,3.7
PN-10085,SUP-008,2,9.1
PN-10085,SUP-008,3,8.8
PN-10085,SUP-008,12,8.5
PN-10085,SUP-008,15,8.9
PN-10085,SUP-008,41,6.6
PN-10085,SUP-008,54,8.7
PN-10085,SUP-008,58,10.1
PN-10085,SUP-008,74,8.7
PN-10085,SUP-008,79,8.5
PN-10085,SUP-008,85,7.9
PN-10085,SUP-008,87,8.9
PN-10086,SUP-040,2,18.1
PN-10086,SUP-040,3,14.3
PN-10086,SUP-040,10,15.3
PN-10086,SUP-040,11,15.8
PN-10086,SUP-040,12,16.9
PN-10086,SUP-040,22,10.7
PN-10086,SUP-040,23,9.3
PN-10086,SUP-040,28,16.0
PN-10086,SUP-040,33,9.1
PN-10086,SUP-040,40,9.0
PN-10086,SUP-040,55,9.0
PN-10086,SUP-040,70,11.2
PN-10086,SUP-040,72,6.6
PN-10086,SUP-040,80,8.0
PN-10086,SUP-040,90,10.0
PN-10087,SUP-036,2,2.6
PN-10087,SUP-036,6,2.4
PN-10087,SUP-036,9,3.5
PN-10087,SUP-036,13,3.7
PN-10087,SUP-036,14,3.4
PN-10087,SUP-036,16,2.9
PN-10087,SUP-036,28,1.9
PN-10087,SUP-036,30,4.0
PN-10087,SUP-036,47,1.9
PN-10087,SUP-036,56,3.4
PN-10087,SUP-036,63,4.4
PN-10087,SUP-036,64,3.2
PN-10087,SUP-036,67,3.3
PN-10087,SUP-036,68,3.3
PN-10087,SUP-036,69,3.2
PN-10087,SUP-036,79,4.5
PN-10087,SUP-036,80,2.5
PN-10087,SUP-036,82,2.5
PN-10087,SUP-036,83,2.9
PN-10087,SUP-036,86,4.1
PN-10087,SUP-036,88,2.7
PN-10088,SUP-014,5,8.9
PN-10088,SUP-014,6,8.3
PN-10088,SUP-014,7,9.6
PN-10088,SUP-014,11,9.7
PN-10088,SUP-014,17,10.6
PN-10088,SUP-014,35,10.5
PN-10088,SUP-014,37,8.6
PN-10088,SUP-014,47,7.4
PN-10088,SUP-014,51,7.6
PN-10088,SUP-014,55,9.1
PN-10088,SUP-014,61,8.9
PN-10088,SUP-014,75,9.1
PN-10088,SUP-014,91,8.0
PN-10089,SUP-025,2,7.6
PN-10089,SUP-025,4,5.9
PN-10089,SUP-025,8,6.5
PN-10089,SUP-025,14,6.4
PN-10089,SUP-025,15,5.9
PN-10089,SUP-025,17,7.4
PN-10089,SUP-025,21,7.4
PN-10089,SUP-025,27,4.5
PN-10089,SUP-025,38,8.7
PN-10089,SUP-025,39,3.2
PN-10089,SUP-025,52,6.2
PN-10089,SUP-025,53,8.8
PN-10089,SUP-025,56,7.8
PN-10089,SUP-025,57,6.0
PN-10089,SUP-025,72,10.3
PN-10089,SUP-025,74,5.8
PN-10089,SUP-025,76,2.9
PN-10089,SUP-025,80,7.5
PN-10090,SUP-027,5,8.4
PN-10090,SUP-027,8,7.0
PN-10090,SUP-027,13,5.3
PN-10090,SUP-027,15,7.2
PN-10090,SUP-027,18,6.7
PN-10090,SUP-027,32,9.8
PN-10090,SUP-027,36,5.7
PN-10090,SUP-027,41,5.6
PN-10090,SUP-027,46,5.3
PN-10090,SUP-027,48,10.8
PN-10090,SUP-027,51,5.4
PN-10090,SUP-027,52,9.6
PN-10090,SUP-027,57,4.6
PN-10090,SUP-027,60,7.9
PN-10090,SUP-027,69,7.3
PN-10090,SUP-027,70,9.4
PN-10090,SUP-027,72,9.1
PN-10090,SUP-027,76,7.0
PN-10090,SUP-027,78,5.6
PN-10090,SUP-027,85,10.3
PN-10090,SUP-027,89,5.4
PN-10091,SUP-024,12,4.7
PN-10091,SUP-024,13,3.6
PN-10091,SUP-024,14,6.0
PN-10091,SUP-024,17,7.2
PN-10091,SUP-024,20,5.4
PN-10091,SUP-024,37,6.4
PN-10091,SUP-024,40,4.6
PN-10091,SUP-024,44,7.6
PN-10091,SUP-024,46,7.0
PN-10091,SUP-024,48,6.2
PN-10091,SUP-024,55,6.4
PN-10091,SUP-024,58,4.4
PN-10091,SUP-024,63,4.4
PN-10091,SUP-024,67,6.0
PN-10091,SUP-024,70,6.9
PN-10091,SUP-024,71,6.9
PN-10091,SUP-024,81,5.7
PN-10091,SUP-024,82,7.2
PN-10092,SUP-027,3,2.8
PN-10092,SUP-027,12,2.5
PN-10092,SUP-027,19,3.4
PN-10092,SUP-027,20,2.5
PN-10092,SUP-027,21,2.5
PN-10092,SUP-027,24,3.0
PN-10092,SUP-027,26,3.2
PN-10092,SUP-027,27,2.1
PN-10092,SUP-027,29,3.1
PN-10092,SUP-027,30,2.3
PN-10092,SUP-027,32,2.6
PN-10092,SUP-027,33,3.0
PN-10092,SUP-027,36,3.1
PN-10092,SUP-027,42,2.7
PN-10092,SUP-027,51,1.9
PN-10092,SUP-027,52,1.5
PN-10092,SUP-027,53,2.4
PN-10092,SUP-027,56,3.1
PN-10092,SUP-027,65,2.8
PN-10092,SUP-027,71,2.7
PN-10092,SUP-027,73,2.6
PN-10092,SUP-027,86,2.7
PN-10092,SUP-027,88,2.0
PN-10093,SUP-030,6,6.1
PN-10093,SUP-030,10,5.1
PN-10093,SUP-030,13,5.2
PN-10093,SUP-030,14,5.4
PN-10093,SUP-030,15,5.4
PN-10093,SUP-030,16,5.0
PN-10093,SUP-030,21,4.7
PN-10093,SUP-030,27,5.5
PN-10093,SUP-030,31,4.3
PN-10093,SUP-030,37,5.5
PN-10093,SUP-030,45,5.0
PN-10093,SUP-030,48,5.2
PN-10093,SUP-030,50,4.9
PN-10093,SUP-030,57,5.8
PN-10093,SUP-030,66,5.3
PN-10093,SUP-030,69,5.0
PN-10093,SUP-030,71,5.0
PN-10093,SUP-030,72,5.1
PN-10093,SUP-030,74,6.3
PN-10093,SUP-030,77,4.6
PN-10093,SUP-030,78,5.7
PN-10093,SUP-030,80,5.4
PN-10093,SUP-030,87,5.9
PN-10093,SUP-030,88,5.4
PN-10093,SUP-030,89,5.2
PN-10094,SUP-005,7,5.9
PN-10094,SUP-005,12,4.4
PN-10094,SUP-005,15,3.8
PN-10094,SUP-005,17,4.0
PN-10094,SUP-005,22,4.6
PN-10094,SUP-005,41,4.7
PN-10094,SUP-005,44,5.6
PN-10094,SUP-005,49,5.1
PN-10094,SUP-005,52,5.7
PN-10094,SUP-005,68,5.8
PN-10094,SUP-005,81,6.1
PN-10095,SUP-040,7,4.0
PN-10095,SUP-040,16,3.8
PN-10095,SUP-040,20,2.9
PN-10095,SUP-040,22,3.5
PN-10095,SUP-040,23,1.9
PN-10095,SUP-040,38,3.3
PN-10095,SUP-040,40,2.0
PN-10095,SUP-040,53,3.8
PN-10095,SUP-040,56,2.3
PN-10095,SUP-040,61,3.4
PN-10095,SUP-040,64,3.6
PN-10095,SUP-040,66,3.4
PN-10095,SUP-040,73,2.7
PN-10095,SUP-040,80,3.1
PN-10095,SUP-040,88,4.4
PN-10095,SUP-040,90,2.9
PN-10096,SUP-013,13,3.6
PN-10096,SUP-013,16,3.2
PN-10096,SUP-013,17,1.5
PN-10096,SUP-013,21,2.1
PN-10096,SUP-013,34,2.3
PN-10096,SUP-013,40,2.3
PN-10096,SUP-013,50,2.6
PN-10096,SUP-013,69,2.1
PN-10096,SUP-013,73,1.7
PN-10096,SUP-013,84,3.0
PN-10096,SUP-013,89,1.5
PN-10097,SUP-022,3,8.0
PN-10097,SUP-022,9,4.1
PN-10097,SUP-022,11,2.8
PN-10097,SUP-022,19,5.1
PN-10097,SUP-022,26,6.4
PN-10097,SUP-022,31,2.4
PN-10097,SUP-022,32,3.8
PN-10097,SUP-022,34,3.9
PN-10097,SUP-022,42,5.7
PN-10097,SUP-022,49,5.5
PN-10097,SUP-022,50,4.0
PN-10097,SUP-022,55,5.4
PN-10097,SUP-022,60,3.4
PN-10097,SUP-022,64,4.5
PN-10097,SUP-022,67,3.3
PN-10097,SUP-022,68,4.9
PN-10097,SUP-022,69,4.0
PN-10097,SUP-022,70,6.2
PN-10097,SUP-022,78,5.1
PN-10097,SUP-022,79,4.8
PN-10097,SUP-022,83,7.8
PN-10097,SUP-022,85,5.7
PN-10097,SUP-022,86,4.6
PN-10097,SUP-022,88,4.3
PN-10098,SUP-011,3,9.9
PN-10098,SUP-011,11,10.0
PN-10098,SUP-011,15,10.5
PN-10098,SUP-011,32,10.6
PN-10098,SUP-011,36,9.1
PN-10098,SUP-011,37,11.2
PN-10098,SUP-011,43,10.8
PN-10098,SUP-011,45,9.1
PN-10098,SUP-011,46,8.5
PN-10098,SUP-011,50,9.2
PN-10098,SUP-011,56,8.0
PN-10098,SUP-011,57,10.4
PN-10098,SUP-011,81,11.8
PN-10098,SUP-011,83,12.1
PN-10098,SUP-011,84,8.5
PN-10098,SUP-011,87,11.2
PN-10098,SUP-011,88,10.2
PN-10099,SUP-013,3,8.1
PN-10099,SUP-013,11,11.3
PN-10099,SUP-013,25,8.1
PN-10099,SUP-013,27,9.2
PN-10099,SUP-013,28,10.4
PN-10099,SUP-013,31,13.4
PN-10099,SUP-013,33,11.3
PN-10099,SUP-013,37,9.7
PN-10099,SUP-013,39,10.3
PN-10099,SUP-013,47,11.4
PN-10099,SUP-013,52,12.0
PN-10099,SUP-013,53,10.0
PN-10099,SUP-013,57,10.0
PN-10099,SUP-013,68,9.2
PN-10099,SUP-013,73,11.1
PN-10099,SUP-013,74,11.5
PN-10099,SUP-013,79,7.9
PN-10099,SUP-013,85,9.8
PN-10100,SUP-006,3,1.0
PN-10100,SUP-006,18,1.0
PN-10100,SUP-006,21,1.2
PN-10100,SUP-006,23,1.1
PN-10100,SUP-006,24,1.0
PN-10100,SUP-006,25,1.2
PN-10100,SUP-006,37,1.0
PN-10100,SUP-006,43,1.1
PN-10100,SUP-006,46,1.0
PN-10100,SUP-006,50,1.1
PN-10100,SUP-006,51,1.2
PN-10100,SUP-006,58,1.1
PN-10100,SUP-006,60,1.0
PN-10100,SUP-006,61,1.4
PN-10100,SUP-006,62,1.0
PN-10100,SUP-006,66,1.0
PN-10100,SUP-006,68,1.2
PN-10100,SUP-006,70,1.0
PN-10100,SUP-006,71,1.0
PN-10100,SUP-006,77,1.2
PN-10100,SUP-006,79,1.2
PN-10100,SUP-006,84,1.1
PN-10100,SUP-006,88,1.1
PN-10101,SUP-022,2,5.6
PN-10101,SUP-022,4,5.7
PN-10101,SUP-022,6,5.4
PN-10101,SUP-022,18,5.6
PN-10101,SUP-022,20,5.6
PN-10101,SUP-022,23,5.4
PN-10101,SUP-022,24,5.1
PN-10101,SUP-022,26,5.7
PN-10101,SUP-022,29,5.5
PN-10101,SUP-022,39,4.5
PN-10101,SUP-022,41,5.0
PN-10101,SUP-022,60,5.2
PN-10101,SUP-022,61,5.3
PN-10101,SUP-022,62,5.9
PN-10101,SUP-022,65,6.8
PN-10101,SUP-022,67,4.3
PN-10101,SUP-022,73,5.5
PN-10101,SUP-022,79,5.4
PN-10101,SUP-022,81,5.3
PN-10101,SUP-022,85,5.6
PN-10101,SUP-022,90,5.5
PN-10102,SUP-025,1,2.2
PN-10102,SUP-025,4,1.8
PN-10102,SUP-025,19,2.8
PN-10102,SUP-025,29,4.0
PN-10102,SUP-025,40,2.9
PN-10102,SUP-025,44,1.7
PN-10102,SUP-025,45,1.8
PN-10102,SUP-025,46,2.4
PN-10102,SUP-025,54,1.5
PN-10102,SUP-025,55,3.0
PN-10102,SUP-025,66,4.0
PN-10102,SUP-025,69,2.2
PN-10102,SUP-025,71,2.8
PN-10102,SUP-025,73,2.4
PN-10102,SUP-025,75,2.2
PN-10103,SUP-005,3,6.0
PN-10103,SUP-005,19,7.1
PN-10103,SUP-005,28,7.4
PN-10103,SUP-005,29,7.1
PN-10103,SUP-005,33,6.5
PN-10103,SUP-005,40,6.5
PN-10103,SUP-005,41,7.5
PN-10103,SUP-005,46,6.9
PN-10103,SUP-005,53,5.7
PN-10103,SUP-005,56,4.9
PN-10103,SUP-005,59,6.4
PN-10103,SUP-005,60,5.5
PN-10103,SUP-005,63,6.1
PN-10103,SUP-005,64,6.6
PN-10103,SUP-005,71,6.9
PN-10103,SUP-005,75,6.3
PN-10103,SUP-005,79,9.6
PN-10104,SUP-025,9,1.3
PN-10104,SUP-025,16,1.0
PN-10104,SUP-025,17,1.3
PN-10104,SUP-025,18,1.3
PN-10104,SUP-025,20,1.2
PN-10104,SUP-025,22,1.1
PN-10104,SUP-025,23,1.3
PN-10104,SUP-025,28,1.2
PN-10104,SUP-025,31,1.1
PN-10104,SUP-025,33,1.4
PN-10104,SUP-025,41,1.1
PN-10104,SUP-025,52,1.1
PN-10104,SUP-025,56,1.3
PN-10104,SUP-025,58,1.2
PN-10104,SUP-025,66,1.4
PN-10104,SUP-025,69,1.2
PN-10104,SUP-025,71,1.2
PN-10104,SUP-025,73,1.3
PN-10104,SUP-025,81,1.3
PN-10104,SUP-025,83,1.3
PN-10104,SUP-025,85,1.3
PN-10104,SUP-025,87,1.2
PN-10104,SUP-025,89,1.2
PN-10105,SUP-005,5,6.2
PN-10105,SUP-005,9,9.2
PN-10105,SUP-005,21,5.7
PN-10105,SUP-005,22,4.4
PN-10105,SUP-005,38,4.9
PN-10105,SUP-005,44,6.6
PN-10105,SUP-005,50,6.6
PN-10105,SUP-005,52,6.2
PN-10105,SUP-005,68,4.4
PN-10105,SUP-005,73,7.6
PN-10105,SUP-005,82,9.0
PN-10105,SUP-005,83,5.9
PN-10105,SUP-005,84,8.8
PN-10106,SUP-036,7,3.7
PN-10106,SUP-036,10,4.3
PN-10106,SUP-036,11,4.5
PN-10106,SUP-036,15,4.4
PN-10106,SUP-036,21,3.7
PN-10106,SUP-036,22,4.0
PN-10106,SUP-036,24,3.5
PN-10106,SUP-036,25,3.4
PN-10106,SUP-036,27,4.1
PN-10106,SUP-036,29,4.8
PN-10106,SUP-036,50,4.1
PN-10106,SUP-036,53,5.1
PN-10106,SUP-036,55,4.0
PN-10106,SUP-036,57,4.1
PN-10106,SUP-036,76,3.6
PN-10106,SUP-036,90,3.9
PN-10107,SUP-023,8,7.5
PN-10107,SUP-023,19,7.2
PN-10107,SUP-023,20,9.9
PN-10107,SUP-023,26,4.3
PN-10107,SUP-023,36,8.9
PN-10107,SUP-023,39,7.1
PN-10107,SUP-023,42,4.4
PN-10107,SUP-023,50,6.1
PN-10107,SUP-023,52,7.9
PN-10107,SUP-023,54,8.2
PN-10107,SUP-023,60,9.4
PN-10107,SUP-023,66,9.5
PN-10107,SUP-023,67,5.0
PN-10107,SUP-023,68,8.7
PN-10107,SUP-023,71,9.3
PN-10107,SUP-023,74,8.4
PN-10107,SUP-023,76,8.9
PN-10107,SUP-023,77,4.3
PN-10107,SUP-023,78,6.1
PN-10107,SUP-023,87,10.6
PN-10107,SUP-023,89,7.4
PN-10108,SUP-036,1,4.5
PN-10108,SUP-036,7,4.9
PN-10108,SUP-036,8,4.6
PN-10108,SUP-036,13,3.8
PN-10108,SUP-036,15,4.1
PN-10108,SUP-036,19,4.1
PN-10108,SUP-036,22,4.1
PN-10108,SUP-036,23,3.5
PN-10108,SUP-036,25,5.1
PN-10108,SUP-036,26,4.0
PN-10108,SUP-036,33,4.0
PN-10108,SUP-036,34,3.6
PN-10108,SUP-036,36,4.7
PN-10108,SUP-036,45,4.3
PN-10108,SUP-036,46,4.2
PN-10108,SUP-036,48,4.2
PN-10108,SUP-036,49,4.6
PN-10108,SUP-036,52,4.2
PN-10108,SUP-036,56,3.6
PN-10108,SUP-036,61,3.8
PN-10108,SUP-036,69,3.8
PN-10108,SUP-036,80,4.5
PN-10108,SUP-036,82,4.8
PN-10108,SUP-036,86,5.0
PN-10108,SUP-036,89,3.7
PN-10109,SUP-034,1,4.5
PN-10109,SUP-034,3,5.5
PN-10109,SUP-034,15,8.6
PN-10109,SUP-034,19,4.5
PN-10109,SUP-034,20,6.1
PN-10109,SUP-034,22,7.0
PN-10109,SUP-034,23,6.2
PN-10109,SUP-034,25,7.8
PN-10109,SUP-034,26,8.4
PN-10109,SUP-034,33,6.8
PN-10109,SUP-034,44,8.2
PN-10109,SUP-034,48,4.7
PN-10109,SUP-034,49,5.9
PN-10109,SUP-034,54,9.6
PN-10109,SUP-034,57,9.0
PN-10109,SUP-034,58,4.2
PN-10109,SUP-034,59,6.1
PN-10109,SUP-034,63,6.3
PN-10109,SUP-034,68,6.7
PN-10109,SUP-034,69,8.0
PN-10109,SUP-034,72,8.8
PN-10109,SUP-034,90,6.2
PN-10110,SUP-035,11,3.1
PN-10110,SUP-035,13,4.0
PN-10110,SUP-035,25,4.2
PN-10110,SUP-035,27,3.7
PN-10110,SUP-035,30,2.9
PN-10110,SUP-035,37,4.5
PN-10110,SUP-035,47,4.4
PN-10110,SUP-035,53,4.1
PN-10110,SUP-035,59,2.8
PN-10110,SUP-035,61,2.3
PN-10110,SUP-035,62,3.7
PN-10110,SUP-035,71,4.5
PN-10110,SUP-035,75,4.6
PN-10110,SUP-035,77,4.1
PN-10111,SUP-002,1,6.7
PN-10111,SUP-002,2,3.8
PN-10111,SUP-002,4,4.6
PN-10111,SUP-002,12,4.7
PN-10111,SUP-002,16,5.0
PN-10111,SUP-002,26,5.8
PN-10111,SUP-002,42,5.2
PN-10111,SUP-002,48,5.8
PN-10111,SUP-002,65,4.6
PN-10111,SUP-002,67,5.5
PN-10112,SUP-032,10,8.7
PN-10112,SUP-032,12,11.5
PN-10112,SUP-032,21,6.5
PN-10112,SUP-032,24,8.3
PN-10112,SUP-032,29,7.7
PN-10112,SUP-032,38,10.1
PN-10112,SUP-032,46,10.3
PN-10112,SUP-032,53,8.7
PN-10112,SUP-032,56,8.5
PN-10112,SUP-032,57,5.7
PN-10112,SUP-032,58,10.7
PN-10112,SUP-032,69,7.9
PN-10112,SUP-032,73,8.2
PN-10112,SUP-032,78,10.0
PN-10112,SUP-032,80,8.8
PN-10112,SUP-032,82,10.0
PN-10112,SUP-032,91,9.4
PN-10113,SUP-010,24,4.7
PN-10113,SUP-010,30,1.3
PN-10113,SUP-010,46,4.8
PN-10113,SUP-010,47,3.4
PN-10113,SUP-010,55,4.6
PN-10113,SUP-010,62,3.8
PN-10113,SUP-010,63,2.9
PN-10113,SUP-010,74,3.9
PN-10113,SUP-010,80,3.4
PN-10113,SUP-010,84,4.4
PN-10114,SUP-009,1,3.7
PN-10114,SUP-009,19,3.6
PN-10114,SUP-009,23,4.0
PN-10114,SUP-009,37,3.9
PN-10114,SUP-009,40,3.5
PN-10114,SUP-009,44,2.1
PN-10114,SUP-009,50,3.6
PN-10114,SUP-009,54,3.2
PN-10114,SUP-009,72,2.9
PN-10114,SUP-009,84,4.1
PN-10115,SUP-035,5,1.8
PN-10115,SUP-035,21,5.0
PN-10115,SUP-035,22,3.6
PN-10115,SUP-035,28,4.5
PN-10115,SUP-035,30,6.4
PN-10115,SUP-035,35,4.6
PN-10115,SUP-035,50,6.7
PN-10115,SUP-035,58,4.4
PN-10115,SUP-035,60,6.0
PN-10115,SUP-035,63,3.7
PN-10116,SUP-032,2,3.3
PN-10116,SUP-032,19,3.2
PN-10116,SUP-032,24,3.5
PN-10116,SUP-032,30,2.1
PN-10116,SUP-032,43,1.8
PN-10116,SUP-032,65,2.4
PN-10116,SUP-032,69,1.9
PN-10116,SUP-032,74,1.0
PN-10116,SUP-032,80,2.7
PN-10116,SUP-032,90,1.9
PN-10117,SUP-016,10,3.9
PN-10117,SUP-016,13,5.4
PN-10117,SUP-016,28,5.7
PN-10117,SUP-016,33,5.8
PN-10117,SUP-016,49,2.6
PN-10117,SUP-016,54,4.8
PN-10117,SUP-016,62,4.6
PN-10117,SUP-016,68,4.2
PN-10117,SUP-016,76,4.3
PN-10117,SUP-016,79,5.6
PN-10117,SUP-016,89,5.4
PN-10118,SUP-017,3,2.8
PN-10118,SUP-017,14,1.9
PN-10118,SUP-017,20,3.1
PN-10118,SUP-017,21,2.6
PN-10118,SUP-017,33,2.5
PN-10118,SUP-017,35,3.6
PN-10118,SUP-017,46,3.1
PN-10118,SUP-017,72,2.1
PN-10118,SUP-017,76,2.5
PN-10119,SUP-008,10,3.1
PN-10119,SUP-008,17,3.0
PN-10119,SUP-008,20,5.7
PN-10119,SUP-008,25,6.8
PN-10119,SUP-008,37,4.2
PN-10119,SUP-008,43,3.0
PN-10119,SUP-008,46,3.2
PN-10119,SUP-008,49,3.1
PN-10119,SUP-008,60,5.2
PN-10119,SUP-008,65,4.6
PN-10119,SUP-008,67,5.4
PN-10119,SUP-008,79,5.3
PN-10119,SUP-008,82,6.0
PN-10119,SUP-008,89,4.0
PN-10120,SUP-004,27,2.2
PN-10120,SUP-004,33,3.0
PN-10120,SUP-004,41,2.1
PN-10120,SUP-004,51,2.1
PN-10120,SUP-004,55,2.1
PN-10120,SUP-004,74,2.6
PN-10120,SUP-004,79,2.9
PN-10120,SUP-004,87,3.0
PN-10120,SUP-004,91,3.0
