part_number,category,supplier_id,abc,xyz,demand_class,forecast_method,forecast_weekly,lt_mean,lt_sd,legacy_reorder_point,rebalanced_rop,recommended_rop,rop_change_pct,kanban_container_qty,kanban_cards,sim_fill_legacy,sim_fill_recommended
PN-10042,Tooling & cutting,SUP-029,B,Z,Lumpy,MA-26,11.962,4.692,0.37,29,122,144,3.966,7,22,0.221,1.0
PN-10015,Fasteners,SUP-018,C,Z,Intermittent,MA-26,402.962,7.431,1.222,1673,6871,7789,3.656,210,39,0.852,1.0
PN-10032,PPE & shop consumables,SUP-020,C,Z,Lumpy,Croston-SBA,267.32,3.3,0.982,993,3196,3744,2.77,200,20,0.766,1.0
PN-10114,Vacuum bagging consumables,SUP-009,B,Z,Intermittent,MA-26,676.462,3.389,0.588,1735,5160,6131,2.534,590,12,0.342,0.995
PN-10040,Vacuum bagging consumables,SUP-013,C,Z,Lumpy,Croston-SBA,115.026,3.294,0.645,405,1005,1153,1.847,140,10,0.696,1.0
PN-10079,Vacuum bagging consumables,SUP-003,C,Z,Lumpy,MA-4,597.25,4.829,1.175,2385,5976,6709,1.813,160,43,0.511,1.0
PN-10088,Honeycomb core,SUP-014,A,Y,Erratic,MA-13,35.615,9.025,0.994,165,407,457,1.77,26,19,0.469,1.0
PN-10073,Tooling & cutting,SUP-023,C,Z,Intermittent,Croston-SBA,4.888,4.214,0.89,28,60,69,1.464,6,13,0.569,1.0
PN-10054,Vacuum bagging consumables,SUP-024,B,Z,Intermittent,SES a=0.3,20.39,2.656,0.354,885,1606,2132,1.409,350,8,0.488,0.855
PN-10062,Honeycomb core,SUP-013,B,Z,Lumpy,Croston-SBA,4.652,10.317,1.815,49,98,115,1.347,3,40,0.301,0.961
PN-10111,Fasteners,SUP-002,A,Z,Intermittent,MA-26,1929.385,5.17,0.818,9817,17657,22167,1.258,700,33,0.923,1.0
PN-10076,Fasteners,SUP-005,B,Y,Erratic,MA-13,1048.231,6.88,2.299,5881,11251,12619,1.146,900,16,0.908,1.0
PN-10089,Resin & adhesives,SUP-025,B,Z,Lumpy,Croston-SBA,24.647,6.547,1.912,237,383,458,0.932,20,24,0.824,1.0
PN-10029,Resin & adhesives,SUP-010,A,Z,Intermittent,MA-26,56.808,5.967,1.023,372,575,714,0.919,29,26,0.814,1.0
PN-10034,Fasteners,SUP-006,C,Y,Erratic,SES a=0.1,377.897,4.312,1.395,1884,3166,3530,0.874,160,24,0.973,1.0
PN-10070,Fasteners,SUP-015,C,Z,Intermittent,Croston-SBA,534.292,4.862,1.207,4099,6640,7597,0.853,640,13,0.507,0.963
PN-10035,Honeycomb core,SUP-004,A,Y,Erratic,MA-26,19.385,9.6,2.841,169,259,302,0.787,21,16,0.88,1.0
PN-10023,PPE & shop consumables,SUP-022,C,X,Smooth,MA-26,531.462,1.738,0.277,4085,1313,1405,-0.656,300,6,1.0,1.0
PN-10090,Honeycomb core,SUP-027,C,X,Smooth,SES a=0.1,6.667,7.247,1.837,48,73,79,0.646,5,17,0.899,1.0
PN-10104,PPE & shop consumables,SUP-025,C,X,Smooth,MA-26,147.0,1.222,0.111,748,258,277,-0.63,120,4,1.0,1.0
PN-10055,Vacuum bagging consumables,SUP-032,C,X,Smooth,MA-26,106.577,2.743,0.346,1013,394,418,-0.587,100,6,1.0,0.99
PN-10108,Fasteners,SUP-036,A,Y,Erratic,MA-13,1338.923,4.176,0.433,6073,8071,9526,0.569,850,13,0.848,1.0
PN-10012,PPE & shop consumables,SUP-010,C,X,Smooth,MA-26,429.385,1.483,0.326,2415,974,1053,-0.564,540,3,1.0,1.0
PN-10022,Fasteners,SUP-033,C,Y,Erratic,SES a=0.3,342.534,3.859,1.405,1694,2389,2642,0.56,190,15,0.999,1.0
PN-10018,Carbon fibre prepreg,SUP-006,A,Y,Erratic,MA-26,40.308,11.456,4.669,536,688,820,0.53,37,24,0.82,1.0
PN-10068,Fasteners,SUP-010,C,Y,Erratic,MA-26,782.192,5.387,0.511,5664,7798,8647,0.527,510,18,1.0,1.0
PN-10105,Sealants & paint,SUP-005,C,Y,Erratic,MA-26,22.115,6.18,1.479,172,238,262,0.523,16,18,0.739,0.99
PN-10116,Tooling & cutting,SUP-032,C,Y,Erratic,SES a=0.1,10.324,2.4,0.872,41,55,62,0.512,7,10,0.974,1.0
PN-10033,Fasteners,SUP-037,B,Y,Erratic,MA-26,474.962,4.193,1.056,2441,3235,3655,0.497,560,8,0.851,0.997
PN-10086,Carbon fibre prepreg,SUP-040,A,X,Smooth,SES a=0.1,22.006,12.408,3.773,279,361,413,0.48,13,33,0.91,1.0
PN-10096,Vacuum bagging consumables,SUP-013,C,X,Smooth,MA-26,244.346,2.378,0.672,1902,917,997,-0.476,110,11,1.0,1.0
PN-10120,Vacuum bagging consumables,SUP-004,A,X,Smooth,MA-26,726.077,2.35,0.373,4195,2025,2212,-0.473,690,5,1.0,0.971
PN-10100,PPE & shop consumables,SUP-006,C,X,Smooth,MA-26,56.077,1.09,0.112,157,83,88,-0.439,60,3,1.0,1.0
PN-10056,Sealants & paint,SUP-025,B,X,Smooth,SES a=0.1,34.96,3.518,0.799,320,166,180,-0.438,26,8,1.0,1.0
PN-10063,Vacuum bagging consumables,SUP-017,C,X,Smooth,SES a=0.1,124.253,5.0,1.593,766,1008,1100,0.436,140,9,0.987,1.0
PN-10081,Vacuum bagging consumables,SUP-018,A,X,Smooth,MA-4,501.5,2.743,0.715,3553,1793,2038,-0.426,750,4,1.0,0.976
PN-10095,Fasteners,SUP-040,C,X,Smooth,MA-26,295.654,3.123,0.701,2483,1337,1435,-0.422,190,9,1.0,1.0
PN-10061,Vacuum bagging consumables,SUP-030,B,X,Smooth,MA-4,679.25,2.944,0.363,4389,2438,2586,-0.411,410,8,1.0,0.998
PN-10038,Honeycomb core,SUP-038,C,X,Smooth,MA-26,5.231,10.05,1.094,49,66,69,0.408,6,13,0.904,1.0
PN-10009,Resin & adhesives,SUP-007,A,X,Smooth,MA-26,55.462,4.267,0.916,551,296,331,-0.399,80,6,1.0,0.994
PN-10080,Sealants & paint,SUP-015,C,Y,Erratic,MA-26,17.462,6.506,1.969,164,205,227,0.384,25,11,0.81,0.966
PN-10024,Tooling & cutting,SUP-001,C,X,Smooth,MA-26,8.269,4.755,1.252,47,60,65,0.383,7,11,0.988,1.0
PN-10101,Tooling & cutting,SUP-022,C,Y,Erratic,Croston-SBA,13.423,5.418,0.55,252,140,156,-0.381,28,7,1.0,1.0
PN-10117,Sealants & paint,SUP-016,A,X,Smooth,MA-26,75.115,4.589,1.004,772,429,478,-0.381,80,7,1.0,0.996
PN-10075,Carbon fibre prepreg,SUP-003,A,Y,Erratic,MA-26,41.577,11.769,4.089,603,706,832,0.38,47,19,0.959,1.0
PN-10019,Tooling & cutting,SUP-014,C,X,Smooth,MA-13,6.154,5.167,1.3,38,48,52,0.368,4,14,0.983,1.0
PN-10099,Carbon fibre prepreg,SUP-013,A,X,Smooth,SES a=0.3,12.245,10.438,1.417,117,148,159,0.359,5,33,0.951,1.0
PN-10115,Resin & adhesives,SUP-035,A,Y,Erratic,MA-26,47.077,4.67,1.469,293,332,397,0.355,56,9,0.916,0.998
PN-10001,Sealants & paint,SUP-008,A,X,Smooth,SES a=0.1,55.824,4.541,0.324,434,278,292,-0.327,48,8,1.0,0.989
PN-10064,Sealants & paint,SUP-013,A,X,Smooth,MA-26,56.192,5.571,0.628,560,356,381,-0.32,40,11,1.0,1.0
PN-10025,Sealants & paint,SUP-036,B,Z,Intermittent,MA-26,40.231,6.167,0.403,431,487,567,0.316,25,24,0.712,0.956
PN-10067,Vacuum bagging consumables,SUP-026,B,X,Smooth,MA-26,277.154,2.373,0.809,1577,997,1112,-0.295,140,9,1.0,1.0
PN-10106,Vacuum bagging consumables,SUP-036,C,X,Smooth,MA-13,114.462,4.087,0.479,890,601,633,-0.289,110,7,1.0,0.995
PN-10071,Resin & adhesives,SUP-034,A,Y,Erratic,MA-26,50.846,7.7,1.201,474,530,610,0.287,50,14,0.562,0.935
PN-10092,Vacuum bagging consumables,SUP-027,A,Y,Erratic,MA-26,996.346,2.657,0.459,3984,4190,5095,0.279,430,13,0.917,0.995
PN-10030,Vacuum bagging consumables,SUP-011,C,X,Smooth,SES a=0.1,273.23,2.655,0.537,1522,1040,1115,-0.267,220,7,1.0,1.0
PN-10004,Vacuum bagging consumables,SUP-004,B,Z,Intermittent,MA-26,271.308,3.605,0.765,2059,2197,2609,0.267,200,15,0.895,0.994
PN-10074,Resin & adhesives,SUP-001,B,Y,Erratic,Croston-SBA,25.258,10.08,2.301,550,367,405,-0.264,34,13,1.0,0.999
PN-10026,Resin & adhesives,SUP-010,B,X,Smooth,MA-13,31.538,4.142,0.78,146,170,183,0.253,28,8,0.936,0.999
PN-10058,Vacuum bagging consumables,SUP-029,A,X,Smooth,MA-26,427.885,4.564,0.842,3453,2355,2591,-0.25,360,9,1.0,0.998
PN-10007,Sealants & paint,SUP-022,B,Z,Intermittent,MA-13,14.385,4.21,0.285,126,132,156,0.238,19,10,0.663,0.779
PN-10093,Fasteners,SUP-030,A,Y,Erratic,MA-26,2317.846,5.243,0.477,26229,17120,20036,-0.236,3260,8,1.0,1.0
PN-10110,Tooling & cutting,SUP-035,C,Y,Erratic,MA-26,27.538,3.779,0.73,174,193,214,0.23,28,9,0.959,0.999
PN-10083,Sealants & paint,SUP-018,B,X,Smooth,MA-26,77.0,6.761,1.103,570,656,701,0.23,80,10,0.973,1.0
PN-10002,Fasteners,SUP-014,C,Y,Smooth,Croston-SBA,211.652,3.243,1.066,1856,1290,1432,-0.228,280,7,0.998,0.944
PN-10078,Vacuum bagging consumables,SUP-032,A,X,Smooth,MA-26,939.462,4.708,1.091,8029,5553,6216,-0.226,1120,7,1.0,0.996
PN-10047,Fasteners,SUP-040,A,X,Smooth,MA-26,1112.615,2.967,0.332,5379,3853,4176,-0.224,1160,5,1.0,0.997
PN-10119,Fasteners,SUP-008,C,Y,Erratic,Croston-SBA,235.376,4.3,1.334,2121,2285,2587,0.22,220,13,0.912,0.994
PN-10069,Carbon fibre prepreg,SUP-029,A,Y,Erratic,MA-26,24.269,9.28,3.084,306,319,373,0.219,12,33,0.501,0.837
PN-10027,Honeycomb core,SUP-033,B,X,Smooth,MA-26,16.846,10.868,0.957,278,210,219,-0.212,21,12,1.0,1.0
PN-10085,Carbon fibre prepreg,SUP-008,A,X,Smooth,MA-26,45.462,8.675,0.972,398,449,481,0.209,43,13,0.883,1.0
PN-10059,Resin & adhesives,SUP-035,B,Y,Erratic,MA-26,20.423,7.31,2.5,241,255,291,0.207,27,12,0.998,1.0
PN-10098,Carbon fibre prepreg,SUP-011,B,X,Smooth,MA-26,12.731,9.775,0.989,129,147,154,0.194,10,17,0.746,0.997
PN-10036,Resin & adhesives,SUP-011,B,Y,Erratic,MA-4,11.0,5.071,1.343,79,85,94,0.19,13,9,0.947,0.996
PN-10013,Vacuum bagging consumables,SUP-038,C,Y,Erratic,MA-13,204.769,4.762,1.034,2096,1575,1717,-0.181,110,17,0.978,0.847
PN-10005,Carbon fibre prepreg,SUP-022,A,X,Smooth,MA-26,19.692,6.111,1.792,154,158,181,0.175,26,8,0.988,1.0
PN-10039,Resin & adhesives,SUP-022,B,Z,Lumpy,MA-26,9.538,7.969,1.256,243,170,201,-0.173,16,14,1.0,1.0
PN-10072,Fasteners,SUP-022,C,Z,Intermittent,MA-4,0.0,5.977,0.808,6059,4063,5025,-0.171,460,12,0.616,0.566
PN-10094,Fasteners,SUP-005,C,X,Smooth,MA-26,409.731,4.96,0.771,3470,2720,2883,-0.169,300,11,1.0,1.0
PN-10046,Sealants & paint,SUP-004,B,X,Smooth,MA-13,18.692,3.962,0.969,95,101,111,0.168,11,12,1.0,1.0
PN-10066,Vacuum bagging consumables,SUP-034,A,X,Smooth,SES a=0.1,121.671,3.057,0.256,550,430,464,-0.156,140,5,1.0,0.997
PN-10091,Resin & adhesives,SUP-024,A,Y,Erratic,MA-26,43.692,5.856,1.198,490,356,414,-0.155,62,8,0.999,0.986
PN-10031,Sealants & paint,SUP-035,B,Y,Erratic,Croston-SBA,28.249,3.909,1.499,262,194,222,-0.153,42,7,0.996,0.972
PN-10052,Carbon fibre prepreg,SUP-036,A,X,Smooth,MA-26,11.308,8.086,2.168,117,118,134,0.145,10,15,1.0,1.0
PN-10003,Tooling & cutting,SUP-003,C,X,Smooth,SES a=0.1,24.578,6.129,1.244,264,213,227,-0.14,28,10,1.0,1.0
PN-10028,Carbon fibre prepreg,SUP-037,A,Y,Smooth,MA-26,34.577,8.911,2.261,417,413,474,0.137,18,28,0.869,0.99
PN-10017,Vacuum bagging consumables,SUP-029,B,X,Smooth,MA-26,771.308,3.523,0.849,4694,3716,4054,-0.136,450,11,1.0,0.999
PN-10053,Sealants & paint,SUP-017,A,Y,Smooth,MA-26,54.423,3.125,0.663,265,253,301,0.136,38,9,0.97,0.994
PN-10050,Resin & adhesives,SUP-030,A,X,Smooth,Croston-SBA,42.168,6.992,1.017,430,346,376,-0.126,35,12,0.994,0.842
PN-10010,Fasteners,SUP-036,A,Z,Lumpy,Croston-SBA,2182.486,5.355,0.867,24328,21524,27300,0.122,2410,13,0.963,0.998
PN-10112,Resin & adhesives,SUP-032,B,X,Smooth,SES a=0.1,22.77,8.771,1.615,244,255,273,0.119,25,12,0.998,1.0
PN-10107,Fasteners,SUP-023,B,X,Smooth,MA-4,184.75,7.426,1.883,2333,1883,2056,-0.119,130,17,0.999,0.978
PN-10097,Fasteners,SUP-022,B,X,Smooth,MA-13,799.077,4.658,1.372,6608,5303,5839,-0.116,920,8,1.0,1.0
PN-10008,Sealants & paint,SUP-015,A,X,Smooth,MA-26,72.808,6.545,0.916,668,553,597,-0.106,60,11,0.999,0.988
PN-10045,Tooling & cutting,SUP-025,C,X,Smooth,MA-26,41.038,5.875,2.062,494,404,442,-0.105,46,11,1.0,1.0
PN-10049,Vacuum bagging consumables,SUP-022,A,X,Smooth,MA-26,692.808,2.676,0.306,2587,2149,2322,-0.102,610,5,1.0,1.0
PN-10006,PPE & shop consumables,SUP-006,C,Y,Erratic,MA-26,61.269,1.753,0.35,211,208,232,0.1,80,4,0.995,0.999
PN-10041,Fasteners,SUP-001,A,Y,Smooth,MA-26,2098.769,5.7,0.745,16378,15761,17990,0.098,3160,7,0.951,0.981
PN-10037,Resin & adhesives,SUP-006,A,Y,Erratic,Croston-SBA,25.358,8.519,1.831,321,298,346,0.078,28,14,1.0,1.0
PN-10043,Vacuum bagging consumables,SUP-013,C,X,Smooth,MA-26,86.192,4.527,0.652,592,517,547,-0.076,80,8,1.0,1.0
PN-10065,Vacuum bagging consumables,SUP-009,C,X,Smooth,MA-26,129.423,4.494,1.478,1126,954,1042,-0.075,130,10,1.0,1.0
PN-10118,Vacuum bagging consumables,SUP-017,A,X,Smooth,MA-26,827.231,2.689,0.528,3284,2742,3045,-0.073,690,6,1.0,0.999
PN-10084,Resin & adhesives,SUP-016,A,X,Smooth,SES a=0.3,54.968,4.579,0.763,308,301,329,0.068,60,7,0.987,0.996
PN-10021,Sealants & paint,SUP-034,A,X,Smooth,MA-13,72.462,3.9,0.364,369,322,344,-0.068,90,5,0.979,0.958
PN-10057,Fasteners,SUP-024,C,X,Smooth,MA-26,627.654,4.285,1.219,4877,4205,4564,-0.064,610,9,1.0,1.0
PN-10044,Fasteners,SUP-018,B,Y,Erratic,MA-26,2264.038,3.479,1.187,14088,13164,14955,0.062,2810,7,0.995,0.998
PN-10077,Fasteners,SUP-021,B,Y,Erratic,MA-26,1487.538,4.689,0.465,11984,10207,11301,-0.057,690,18,0.996,0.982
PN-10020,Vacuum bagging consumables,SUP-022,A,Y,Erratic,Croston-SBA,490.678,3.5,0.646,3551,2751,3358,-0.054,610,7,0.964,0.941
PN-10103,Fasteners,SUP-005,A,X,Smooth,SES a=0.3,2700.487,6.462,0.707,22230,19745,21091,-0.051,3120,8,0.97,0.933
PN-10048,Fasteners,SUP-033,B,X,Smooth,MA-26,1879.923,6.988,1.879,19082,18220,19942,0.045,2170,11,0.995,0.998
PN-10082,Fasteners,SUP-001,B,X,Smooth,MA-26,1188.192,5.417,1.301,9138,8718,9491,0.039,1300,9,1.0,1.0
PN-10102,Vacuum bagging consumables,SUP-025,B,Z,Lumpy,Croston-SBA,540.672,2.513,0.756,5912,4638,5748,-0.028,500,13,1.0,1.0
PN-10060,Carbon fibre prepreg,SUP-021,A,X,Smooth,SES a=0.1,27.948,11.117,1.714,406,364,395,-0.027,18,23,0.998,0.993
PN-10051,Resin & adhesives,SUP-009,A,Y,Erratic,MA-13,58.692,4.529,0.757,416,358,412,-0.01,30,15,1.0,1.0
PN-10011,Fasteners,SUP-038,B,X,Smooth,MA-13,622.923,7.3,1.015,5923,5541,5878,-0.008,740,9,1.0,1.0
PN-10109,Carbon fibre prepreg,SUP-034,A,Z,Lumpy,Croston-SBA,28.984,6.805,1.624,391,321,393,0.005,17,25,1.0,1.0
PN-10113,Fasteners,SUP-010,B,X,Smooth,SES a=0.1,2387.753,3.675,1.168,14236,12862,14245,0.001,3200,6,0.985,0.986
PN-10014,Tooling & cutting,SUP-001,C,Y,Smooth,MA-26,8.192,2.493,0.527,38,35,38,0.0,8,6,1.0,1.0
PN-10016,Resin & adhesives,SUP-005,A,X,Smooth,SES a=0.1,23.157,6.215,1.158,191,174,191,0.0,30,8,0.999,0.999
PN-10087,Sealants & paint,SUP-036,C,X,Smooth,MA-26,17.846,3.14,0.704,88,82,88,0.0,19,6,1.0,1.0
